labels,text
it,"Jules Jordan, pseudonimo di Ashley Gasper, è un regista, manager ed ex attore pornografico statunitense, dirigente della società di produzione pornografica che porta il suo nome."
en,"""Mississippi Cotton Picking Delta Town"" is a song written by Harold Dorman and George Gann, and recorded by American country music artist Charley Pride. It was released in August 1974 as the first single from his album Pride of America. The song peaked at number 3 on the Billboard Hot Country Singles chart. It also reached number 1 on the RPM Country Tracks chart in Canada."
ja,HD 10180は、太陽に似たG型主系列星である。
ar,المُباح أو الحَلال هو مُصطلح ديني يُستعمل في الفقه الإسلامي للدلالةِ على العَمل الذي لا يُثاب فاعلهُ ولا يُؤثم تاركه، وهو أحد الأحكام الخمسة على الأشياءِ والأفعال وهي الفرضية والاستحباب والإباحة والكراهة والتحريم. وتطلق أيضاً على الطعام المباح.
ar,خافي ماركيز ‏ لاعب كرة قدم إسباني يلعب حاليا لصالح نادي الدرجة الأولى إسبانيول الإسباني منذ 2005 في مركز الوسط المحوري كما يجيد اللعب في مركز الوسط الأيسر.
it,"Ron Carey, pseudonimo di Ronald Joseph Cicenia, è stato un attore statunitense."
it,"Alessandro Alfieri è un politico italiano, senatore della Repubblica per il Partito Democratico dal 2018."
it,"Otěšice è un comune della Repubblica Ceca facente parte del distretto di Plzeň-jih, nella regione di Plzeň."
it,Mogibacterium neglectum è una specie di batterio appartenente alla famiglia delle Eubacteriaceae.
tr,"NGC 4503, Yeni Genel Katalog'da yer alan bir galaksidir. Gökyüzünde Yelken takımyıldızı yönünde bulunur. SB0 tipi bir çubuklu sarmal galaksidir. İngiliz astronom William Herschel tarafından 1784 yılında 47,5 cm çaplı aynalı tip bir teleskopla keşfedilmiştir."
fr,"Au-dessus de la mêlée est un texte sur la Première Guerre mondiale écrit par Romain Rolland le 15 septembre 1914 et publié en supplément du Journal de Genève du 22 septembre. C'est aussi sous le titre Au-dessus de la mêlée qu'est réunie, chez Paul Ollendorff en novembre 1915, la série d'articles qu'il a écrits en Suisse au début du conflit, parus dans divers périodiques du 29 août 1914 au 1er septembre 1915."
vi,"Dağeteği là một xã thuộc thành phố Şanlıurfa, tỉnh Şanlıurfa, Thổ Nhĩ Kỳ. Dân số thời điểm năm 2011 là 1.167 người."
en,"The 2003 Coupe de France final was a football match held at Stade de France, Saint-Denis on 31 May 2003. In it, AJ Auxerre defeated Paris SG 2-1 with goals from Djibril Cissé and Jean-Alain Boumsong."
zh,马尾杉，为石杉科马尾杉属下的一个植物种。
en,"The Girl Who Knew Too Much is a 1969 neo noir film starring Adam West as Johnny Cain, a nightclub owner and former freelance adventurer who is forced out of retirement when a crime syndicate boss is murdered in his nightclub and investigations lead into unexpected areas. It was the final film of director Francis D. Lyon and United Pictures Corporation."
th,โคไตชิฮิ (皇太子妃) หรือ มกุฎราชกุมารี พระอิสริยยศสำหรับพระชายาของรัชทายาทหรือมกุฏราชกุมารแห่งญี่ปุ่นซึ่งมีมาแต่ครั้งโบราณกาล
es,Alestes schoutedeni es una especie de peces de la familia Alestiidae en el orden de los Characiformes.
it,"L'esplorazione di Marte è una parte importante delle missioni di esplorazione spaziale dell'Unione Sovietica e della Federazione russa, degli Stati Uniti e dell'Europa; alle organizzazioni di tali paesi si sono aggiunte dagli anni 2010 India e Cina. Dagli anni sessanta sono state inviate verso Marte dozzine di sonde automatiche senza equipaggio, che includevano orbiter, lander e rover, per raccogliere dati e rispondere a domande sul pianeta rosso e il suo passato, che potrebbero portare a scoperte ulteriori per il passato, presente e futuro della Terra."
th,ปลวกแดง เป็นอำเภอหนึ่งของจังหวัดระยอง
ja,能代南インターチェンジ（のしろみなみインターチェンジ）は、秋田県能代市にある秋田自動車道のインターチェンジである。
fr,"Ganesh Geymeier, né en 1984 à Lausanne, est un saxophoniste suisse d'origine germano-malaisienne."
en,"Gavin Christopher Tennille, known as Quelle Chris, is an American record producer, rapper and songwriter from Detroit, Michigan. He has released over 15 albums as a solo act and with his collaborative projects. He has been described as a student of Detroit hip hop."
tr,"Moğolistan bayrağı, Moğolistan'ın günümüzde kullanımda olan bayrağı."
es,"La escalera del divino ascenso, es un importante tratado escrito por San Juan Clímaco alrededor del año 600 que muestra el camino para lograr una correcta vida religiosa por parte de los monjes, representada con una escala de treinta escalones que sube al Paraíso. El símbolo se convirtió en un icono popular en el cristianismo medieval oriental, donde se extendió para representar la vida de cualquier creyente, un camino de perfección donde varias tentaciones hacían retroceder y las ayudas del cielo hacían avanzar en la escala. La elección de la escala proviene de la bíblica Escalera de Jacob, y los escalones indican que la perfección se puede alcanzar con pequeños pasos en la vida diaria pero que implica un proceso gradual. El número treinta hace referencia a los años que vivió Jesús antes de su bautismo y el inicio de su ministerio."
ja,貞照寺（ていしょうじ）は、岐阜県各務原市鵜沼宝積寺町にある真言宗智山派の寺院である。
ja,北京駅（ペキンえき）は、中華人民共和国北京市東城区にある、中国国家鉄路集団（CR）の駅。北京鉄路局管轄の特等駅である。
th,พรรณานิคม เป็นอำเภอหนึ่งของจังหวัดสกลนคร
ru,"Charadrahyla (лат.) — род бесхвостых земноводных из семейства квакш. Родовое название произошло от греческого др.-греч. charadra — «овраг» и латинского лат. Hyla — «квакша», и связано с образом жизни представителей рода. Род был создан в 2005 году после серьезной ревизии семейства Hylidae. Пять видов данного рода ранее входили в род Hyla. Также добавлены два новых вида и еще два были перенесены из рода Exerodonta в 2018 году на основе молекулярных исследований. Являются сестринской группой рода Megastomatohyla."
fr,L’église du Saint-Esprit de Flensbourg est l'église de l'Église danoise dans le Schleswig du Sud à Flensbourg. Elle se trouve dans la Große Straße.
fr,Ángel Gabilondo Pujol est un universitaire et homme politique espagnol né le 1er mars 1949 à Saint-Sébastien. Il est proche du Parti socialiste ouvrier espagnol (PSOE).
zh,《邪恶无休》（英語：）是美国超自然题材电视剧《邪恶力量》第三季的第16集，也是这季的最后一集和全剧的第60集。剧集主创人埃里克·克莱普克担任编剧，金·曼纳斯导演，于2008年5月15日通过CW电视网首播。节目剧情讲述主人翁萨姆·温彻斯特（杰瑞·帕达里基饰）和迪恩·温彻斯特（詹森·艾克尔斯饰）兄弟俩在美国本土各地猎杀超自然生物，试图挽救迪恩的灵魂免遭诅咒。迪恩在上季结尾与恶魔达成一年契约，到这集时只剩下最后一天生命。兄弟俩必须找到持有迪恩契约的邪灵霸主莉莉斯。与此同时，莉莉斯还附身在一个小女孩身上，恐吓她的家人为乐，这一情节设计是在向《迷离时空》第3季第8集《美好生活》（）致敬。
fr,"Hermann Scheer est un homme politique allemand. Docteur en sciences sociales et en économie, il a été un élu social-démocrate (SPD) au Bundestag. Il est récipiendaire d'un prix d'honneur du prix Nobel alternatif en 1999."
th,อาสนวิหารนักบุญโบนาเวนตูรา ในนครบันยาลูกา เป็นอาสนวิหารนักบุญโบนาเวนตูรา และเป็นหนึ่งในอาสนวิหารโรมันคาทอลิก 4 แห่งในประเทศบอสเนียและเฮอร์เซโกวีนา เป็นอาสนวิหารประจำสังฆมณฑลบันยาลูกา
es,"Golden Edge es un canal de televisión por suscripción latinoamericano de origen mexicano, perteneciente a TelevisaUnivision, operado por su subsidiaria Televisa Networks. Transmite para toda Latinoamérica."
th,ยานิก เฟร์เรย์รา การ์รัสโก เป็นนักฟุตบอลชาวเบลเยียม ปัจจุบันเล่นในตำแหน่งปีก และวิงแบ็กให้กับอัตเลติโกเดมาดริด และทีมชาติเบลเยียม
es,"Saint-Rémy-de-Chargnat  es una comuna y población de Francia, en la región de Auvernia, departamento de Puy-de-Dôme, en el distrito de Issoire y cantón de Sauxillanges."
it,Cannon Street è una stazione della metropolitana di Londra servita dalle linee Circle e District.
vi,Mauny là một xã thuộc tỉnh Seine-Maritime trong vùng Normandie miền bắc nước Pháp.
th,"อันเดรย์ อันโตโนวิช เกรชโค เป็นผู้บัญญาการโซเวียต, จอมพลแห่งสหภาพโซเวียต และ รัฐมนตรีว่าการกระทรวงกลาโหมโซเวียต"
ar,شون غرين ‏ هو لاعب كرة قاعدة أمريكي، ولد في 10 نوفمبر 1972 في ديس بلينس في الولايات المتحدة.
ru,"Томас Бейтс — английский рекузант, участник Порохового заговора."
es,Salvia sylvestris es una planta herbácea perteneciente a la familia de las lamiáceas.
zh,掠奪者（Marauder）是由南非專營國防、保安、維和的派拉蒙集團 製造的一款防雷裝甲車。2007年於中東最大規模的軍火展覽－阿布扎比國際防務展覽會（IDEX）中首次公開。
it,Il timo maggiore è una pianta perenne aromatica appartenente alla famiglia delle Lamiaceae.
zh,波利卡尔波夫 I-5（俄語：） 是一个单座双翼飞机，為蘇聯在西元1931年－1936年的主力戰鬥機機型，退出前線後的它轉為進階訓練用機。巴巴罗萨行动後，苏联空军喪失了許多武力，倖存的I-5被配备了四挺机枪和炸弹架，並在西元1941年作為輕型地面攻击机和夜间轰炸机再次投入作戰。1942年早期，蘇聯終於有能力恢復生產和現代化地面攻擊機，如伊尔-2等新型機種，隨著新機種的推出，I-5漸漸退出戰場，共计803架I-5被製造出來（包括3个原型）。
fr,"William Jennings Sheffield Jr., dit Bill Sheffield, né le 26 juin 1928 à Spokane et mort le 4 novembre 2022 à Anchorage (Alaska), est un homme politique américain."
zh,ROVER，香港全主唱流行樂隊，其四名成員皆為香港ViuTV選秀節目《全民造星V》的參賽者，於2024年2月29日出道。成員包括卓金樂（Kim）、雷濠權 、陳鎮亨（亨仔）、王希晉（希晉）。
tr,"Bataklıçiftlik, Düzce ilinin merkez ilçesine bağlı bir köydür."
ru,"Кумлинге — община в Финляндии, на Аландских островах. Включает в себя группу маленьких островков между главным островом Аланд и материковой Финляндией. Население составляет 363 человека ; занимает территорию 860,38 км², из которых 761,12 км² заняты водой. Плотность населения — 3,67 чел/км²."
zh,拉斐爾·納達爾·帕雷拉，暱稱拉法（），西班牙職業男子網球運動員，至今贏得22座大滿貫冠軍，也是歷史第七位男子生涯單打全滿貫及第二位男子生涯單打金滿貫得主，職業網球公開時代首位西班牙年終球王。他創紀錄在法網男單冠軍14度封王，兩度達成全滿貫壯舉，奧運男單、男雙金牌，以及大師賽36個冠軍，合計男子單打冠軍總數92個。現今單打世界排名跌破200名。
fr,"Robert Charbel Farah Maksoud, né le 20 janvier 1987 à Montréal au Canada, est un joueur de tennis colombien, professionnel entre 2010 et 2023."
en,"Soldiers Chapel is a non-denominational Christian memorial chapel in Big Sky, Gallatin County, Montana, USA, dedicated in 1955 by the Nelson Story family in tribute to a fallen family member of the 163rd Infantry Regiment. The regiment was part of the Montana National Guard during World War II. Open daily from Memorial Day through Labor Day, with services at 11 a.m. on Sundays, the chapel is popular for special events such as weddings. The chapel is at an elevation of 6,017 feet (1,834 m)."
ru,"Эш — грузовой паровоз типа 0-5-0, выпускавшийся в Швеции с 1921 по 1924 год по заказу Советской России. По конструкции аналогичен паровозам серии Э «типа 1917 года»."
ru,"Божество плодородия — это бог или богиня в мифологии народов мира, связанные с плодородием и урожаем, а также зачастую с сексуальностью, беременностью и деторождением. В некоторых случаях эти божества напрямую связаны с этими явлениями; в других они представляют собой более абстрактные символы. Обряды плодородия могут сопровождать поклонение им. Ниже приводится список божеств плодородия."
fr,"Pierre-Marin Rouph de Varicourt, était un prêtre catholique, représentant du clergé aux États généraux, député à l'Assemblée constituante de 1789 puis évêque d'Orléans en 1817."
fr,"La Tour Ciana, est une tour côtière située dans la commune de Monte Argentario,, en Toscane Son emplacement se trouve sur la côte sud du promontoire de l'Argentario, proche de la Tour Avvoltore."
th,ลูซิเฟอร์ คือวงดนตรีเจป็อปในแนววิชวลเค ก่อตั้งเมื่อปี พ.ศ. 2542 และแยกวงในปี พ.ศ. 2546
fr,"Iggesund est un village de la commune d'Hudiksvall, dans le Comté de Gävleborg, en Suède."
tr,"Savaş Vadisi, İkinci Dünya Savaşı'nda ateşli silah ya da savaş aleti taşımayı reddeden barış yanlısı Amerikalı savaş doktoru Desmond Doss hakkındaki, 2016 Amerikan yapımı biyografik savaş filmi."
en,"Cybersex is the second commercial mixtape by American singer Blackbear, released on November 27, 2017, by Beartrap, Alamo Records, and Interscope Records. It was preceded by two official singles; ""Playboy Shit"" featuring Lil Aaron and ""Up In This"" with Tinashe."
ja,関越自動車道 は、東京都練馬区の練馬インターチェンジ (IC) から埼玉県、群馬県を経由し新潟県長岡市の長岡ジャンクション (JCT) へ至る高速道路（高速自動車国道）。略称は関越道（かんえつどう）、関越（かんえつ）。高速道路ナンバリングによる路線番号は「E17」が割り振られている。
ru,"Green Lantern: Rise of the Manhunters — компьютерная игра по мотивам фильма студии Warner Bros. Pictures «Зелёный Фонарь». Релиз состоялся 7 июня, почти одновременно с датой выхода фильма в прокат. Версия для консоли Nintendo 3DS поддерживает все возможности системы, а именно 3D изображение без специальных очков, а также в комплект версий для Xbox 360 и PlayStation 3 войдут анаглифные очки, с помощью которых можно воспроизвести 3D на обычных экранах."
it,"La sulfoacetaldeide acetiltransferasi è un enzima appartenente alla classe delle transferasi, che catalizza la seguente reazione:acetil fosfato + solfito ⇄ 2-sulfoacetaldeide + 3-fosfato"
zh,伊尔维亚克 是法国菲尼斯泰尔省的一个市镇，属于布雷斯特区。
vi,"Động đất quần đảo Aleut 1946 xảy ra gần quần đảo Aleut, Alaska vào ngày 1 tháng 4. Trận động đất có độ lớn 8,6 trên thang độ lớn mô men và cường độ VI (mạnh) trên thang đo Mercalli. Nó dẫn đến 165-173 thương vong và thiệt hại hơn 26 triệu đô la Mỹ. Đáy biển dọc theo đứt gãy được nâng lên, gây ra một trận sóng thần tầm cỡ Thái Bình Dương với các cơn sóng có sức phá huỷ cao có độ cao từ 14–40 m. Sóng thần san bằng ngọn hải đăng Scotch Cap trên đảo Unimak, Alaska và giết tất cả năm người trông coi ngọn hải đăng. Mặc dù gây ra sự hủy diệt cho đảo Unimak, sóng thần đã gần như không gây hại vùng đất liền Alaska. Sóng chạm tới Maui, Hawaii 4,5 giờ sau động đất, và Hilo, Hawaii 4.9 giờ sau. Những bản xứ Hawaii đã hoàn toàn mất cảnh giác trước cơn sóng thần do không thể truyền cảnh báo từ ngọn hải đăng Scotch Cap đã bị phú huỷ. Tác động của sóng thần cũng chạm đến bờ biển phía Tây của Hoa Kỳ."
tr,"Gonca, Sakarya ilinin Pamukova ilçesine bağlı bir mahalledir. 1960 yıllarında adı Mesruriye olmuş ve 2019 yılında eski adı geri alındı. 93 Harbinden sonra mahalleye kadar değer bir Laz nüfus gelmiştir."
tr,FIFA 12 FIFA serisinin video oyunudur. Çıkış tarihi 30 Eylül 2011'dir.
ar,جودي دين ‏ هي مُنظرة سياسية ‏ وعالمة سياسة أمريكية، ولدت في 9 أبريل 1962.
it,"Il distretto di Sursee è un distretto del Canton Lucerna, in Svizzera. Confina con i distretti di Hochdorf a est, di Lucerna Campagna e di Entlebuch a sud, di Willisau a ovest e con il Canton Argovia a nord. Il capoluogo è Sursee. Ha sostituito, dal 1º gennaio 2013, l'omonimo Amt, di cui ricalca perfettamente il territorio. Comprende il lago di Sempach."
ja,F1世界選手権イン・ジャパン は、1976年のF1世界選手権第16戦として、1976年10月22日から10月24日にかけて富士スピードウェイで開催された。
ru,"Ви́льямс Жиже́ттович Тру́цци — советский цирковой артист, дрессировщик и цирковой администратор."
zh,拉德克利夫学院（英語：）曾是位于美国马萨诸塞州剑桥的一个女子文理学院，创建于1879年，为美国七姐妹学院之一。1963年始授予其毕业生哈佛-拉德克利夫联合文凭；1977年与哈佛签署正式合并协议；1999年全面整合到哈佛大学。
tr,"Sittard, Hollanda'nın en güneyindeki Limburg eyaletinde yer alan bir şehirdir. Bu kasaba Sittard-Geleen belediyesinin bir parçasıdır ve 2016 yılında yaklaşık 37.500 nüfusa sahiptir. Doğusunda Almanya'nın Selfkant belediyesi bulunmaktadır."
tr,"Spinosauridae, 10 ila 17 cinsten oluşan bir tetanuran teropod familyasıdır. Spinosaurid fosilleri Afrika, Güney Amerika, Avrupa ve Asya'da bulunmuştur. Kalıntılar genelde Erken Kretase ve Geç Kretase'nin başlarına tarihlendirilmiştir."
fr,"Le barrage de la Gileppe est un barrage hydraulique situé dans la partie orientale de la forêt du Hertogenwald, dans les Hautes-Fagnes belges. La retenue d'eau ainsi créée est essentiellement alimentée par la Gileppe et le ruisseau Louba."
th,"ทากาซากิ เป็นนครที่ตั้งอยู่ในจังหวัดกุมมะ ประเทศญี่ปุ่น ก่อตั้งเมื่อวันที่ 1 เมษายน 1900 จากข้อมูลเมื่อวันที่ 31 สิงหาคม 2020 ทากาซากิมีประชากรประมาณ 372,369 คน 167,345 ครัวเรือน ความหนาแน่น 810 คนต่อตารางกิโลเมตร และมีขนาดพื้นที่ทั้งสิ้น 459.16 ตารางกิโลเมตร เป็นนครที่มีประชากรมากที่สุดในจังหวัดกุมมะ หลังจากแซงหน้านครมาเอบาชิในปี 1990"
zh,滨海吕克 ）是法国卡尔瓦多斯省的一个市镇，位于该省北部，大西洋沿岸，属于卡昂区。
ru,"Кристиа́н Па́трик Томас — канадский хоккеист, нападающий. Сын хоккеиста Стива Томаса."
tr,Iława ilçesi Polonya'nın Varmiya-Mazurya voyvodalığında bulunan bir ilçedir. İlçenin nüfusu 31 Aralık 2020 tarihi itibarıyla 92.644'tür. İlçenin merkezi Iława şehridir.
ar,فليكن الله معنا، سورينام هو النشيد الوطني لسورينام، اعتمد رسمياً من قبل الحكومة في 15 ديسمبر 1959. المقطع الأول ، كتب باللغة الهولندية في عام 1893 من قبل القس جيم هويكسترا، قبل أن يضاف المقطع الثاني بلهجة سرانان طونغو من قبل الشاعر ه.ف دو زيال. الموسيقى التي نظمت عام 1876 لم تكن في البدء معدة لهذا الغرض.
tr,"Cerrahpaşa Tıp Fakültesi, 14 Mart 1827'de II. Mahmut tarafından kurulan Tıphane-i Amire'nin ve Mekteb-i Tıbbiye-i Şahane'nin devamı olan, Türkiye'nin ilk ve en köklü iki tıp fakültesinden biridir. Fakülte adını; bulunduğu semte ismini veren, III. Murad ve III. Mehmed devrinde sadrazamlık yapmış bir hekim olan Cerrah Mehmed Paşa'dan alır."
ar,ليليانا بورتر ‏ هي فنانة معاصرة تعمل في مجموعة متنوعة وواسعة من وسائل الإعلام، بما في ذلك التصوير، الطباعة، وسائل الإعلام المختلطة، التثبيت وكذلك فم ومهارة الفيديو.
ru,"Альберт Кабестани — испанский мототриалист, 3-кратный чемпион мира по мототриалу, 4-кратный чемпион Испании, 24-кратный победитель «Триала Наций» в составе команды Испании."
ar,جسر إلى تيرابيثيا هو فيلم أمريكي من إخراج غابور كسوبو، صدر 28 مارس 2007. السيناريو مقتبس من رواية كاترينا باتيرسون بعنوان جسر إلى تيرابيثيا.
en,"Digimon Rumble Arena 2, known as Digimon Battle Chronicle  in Japan, is a 2004 Digimon fighting video game, released by Bandai for the PlayStation 2, GameCube, and the Xbox. It is the sequel to 2001's Digimon Rumble Arena and has a similar style of gameplay as Super Smash Bros. Melee, except with a health meter. Digimon All-Star Rumble, a spiritual successor to the Rumble Arena games, was later released in 2014."
sv,"Enrique Pinti, Arjantinli aktör ve komedyendir."
es,Yumi Suzuki es una deportista japonesa que compite en curling.
en,"Grodziszczany, formerly known as Grodzisk, is a village in northeast Poland in the gmina of Dąbrowa Białostocka, Sokółka County, Podlaskie Voivodeship. As of 2021, it had a population of 267."
vi,"Kurudere là một xã thuộc huyện Karasu, tỉnh Sakarya, Thổ Nhĩ Kỳ. Dân số thời điểm năm 2008 là 2.675 người."
tr,"Osasko, Brezilya'nin Güney Bölgesi'ndeki São Paulo eyaletinin'nın kuzeyinde, eyalet başkenti São Paulo'dan 16 km uzaklıkta bir şehir."
th,"มาณิกกวาจกรร เป็นสันตะและกวีชาวทมิฬในสมัยศตวรรษที่ 9 ผู้ประพันธ์บทสวดบูชาพระศิวะ ติรุวสกัม, ติรุกโกไวยรร, ติรุเวมปาไว และเชื่อกันว่าอาจเป็นขุนนางในราชสำนักของกษัตริย์ปาณฑยะ วรคุณวรมันที่สอง"
ru,"Ави Коэн — израильский футболист и тренер, игрок национальной сборной (1976—1988)."
ru,"So — пятый студийный альбом британского рок-музыканта Питера Гэбриела, изданный 19 мая 1986 года, является первым не одноимённым альбомом музыканта. Многие песни этого диска писались в более традиционном поп-ключе и стали радиохитами, другие по-прежнему сохраняют тёмную, вдумчивую эмоцию экспериментальных работ исполнителя. В 2011 году Гэбриел пояснил: «Я достаточно поэкспериментировал с инструментальной музыкой, и хотел написать качественные поп-песни, хотя и в своём стиле»."
ar,آنا براكيت ‏ هي فيلسوفة أمريكية، ولدت في 1836 في بوسطن في الولايات المتحدة، وتوفيت في 18 مارس 1911 في سوميت في الولايات المتحدة.
es,"Tapinoma annandalei es una especie de hormiga del género Tapinoma, subfamilia Dolichoderinae. Fue descrita científicamente por Wheeler en 1928."
it,"L'Unione dei comuni Circondario dell'Empolese Valdelsa è un'unione di comuni di 167 720 abitanti della città metropolitana di Firenze, in Toscana. È formata dai comuni di: Capraia e Limite, Castelfiorentino, Cerreto Guidi, Certaldo, Empoli, Fucecchio, Gambassi Terme, Montaione, Montelupo Fiorentino, Montespertoli e Vinci."
zh,比爾·弗洛倫斯 是美国的一位政治人物。自2011年至2021年，他是德克萨斯州第17選舉區選出的聯邦眾議員。他的黨籍是共和黨。在踏入政壇之前，弗洛倫斯是一家石油公司的CEO。
ar,جاك ديلون ‏ مواليد 02 فبراير 1891 في فرانكفورت - الوفاة 07 أغسطس 1942 في تشاتاهوتشي، كان ملاكم أمريكي صنّف ضمن فئة الوزن الثقيل بدأ مسيرته الاحترافية سنة 1908. دخل قاعة مشاهير الملاكمة الدولية.
vi,Tricrania là một chi bọ cánh cứng trong họ Meloidae.
ru,Премьер-министр Кубы — действующий глава правительства Кубы. Нынешним премьер-министром является Мануэль Марреро Крус.
en,"""1000 Oceans"" is a song by Tori Amos, released as the second single from her 1999 album To Venus and Back. It reached number 22 on the Hot 100 Singles Sales, though it did not chart on the Hot 100. The song deals with issues of love and loss, and is based on the singer's personal experiences. It was released on September 7, 1999, and was generally well received by critics."
ru,"В список включены все кредитные организации России, у которых в 2007 году была отозвана или аннулирована лицензия на осуществление банковской деятельности."
zh,青尼罗河 发源于埃塞俄比亚塔纳湖，流经苏丹，最终在喀土穆与白尼罗河汇流成尼罗河，全长约1460-1600公里。尼羅河的定期氾濫正是由于青尼羅河，因其上游衣索比亞為熱帶草原氣候，分为干湿两个季节。
tr,"Dilong, Doğu Asya'nın alt Kretase döneminden kalma bir teropod dinozor cinsidir. 2004 yılındaki ilk bilimsel tanımlamanın yapıldığı sırada, yalnızca D. paradoxus türünün ait olduğu bu cins, bugüne kadar bulunan en eski tyrannosauroidlerden biriydi."
en,"James W. Waldman is a Democratic politician who served as a member of the Florida House of Representatives from 2006 to 2014, representing the 95th District from 2006 to 2012, and representing the 96th District, which included Coconut Creek, Margate, and Parkland in northeastern Broward County, from 2012 to 2014."
fr,"Judd Winick, né le 12 février 1970 à Long Island, est un scénariste de bande dessinée et de comics américain."
ru,Константи́н Ма́ркович Азадо́вский — советский и российский литературовед. Сын Марка Азадовского. Кандидат филологических наук.
tr,"Roland Freisler, Alman hukukçu, Nazi Almanyası'nın Adalet Bakanı ve müsteşarı."
ja,ららぽーと湘南平塚（ららぽーとしょうなんひらつか）は、神奈川県平塚市にある大型商業施設（ショッピングセンター）。
tr,"Baykonur, Kazakistan'da Ulıtav eyaletinin Ulıtav ilçesinden akan bir nehirdir."
th,วัดมะพร้าวเตี้ย เป็นวัดราษฎร์สังกัดคณะสงฆ์ฝ่ายมหานิกาย ตั้งอยู่ในแขวงคลองขวาง เขตภาษีเจริญ กรุงเทพมหานคร มีที่ดินตั้งวัด 31 ไร่ 36 ตารางวา อาณาเขตทิศเหนือยาว 80 วา ติดต่อกับคลองบางเชือกหนัง ทิศตะวันออกยาว 55 วา ติดต่อกับคลอง ทิศใต้ยาว 78 วา ติดต่อกับซอยบางแวก 104 แยก 2 และทิศตะวันตกยาว 102 วา ติดต่อกับคลอง
ja,渡辺橋駅（わたなべばしえき）は、大阪市北区中之島三丁目にある、京阪電気鉄道中之島線の駅。駅番号はKH53。
tr,"Apeldoorn, Hollanda'nın orta kesimindeki Gelderland ilinin bir şehridir. Nüfusu 162.445 kişi (2019) olan Apeldoorn, bölgesel bir merkez olarak kabul edilir. Başkent Amsterdam'ın 96 km kadar doğusunda yer alır."
ru,"Благовещенская церковь — первая церковь в Красноярске, построенная по чертежам, третий каменный храм в городе."
es,"Jim O'Heir es un actor estadounidense. Actuó en los teatros de Chicago en los años 1980 y 1990 con la compañía de teatro White Noise, y fue parte de obras como The Book of Blanche, Stumpy's Gang y Ad-Nauseam con su grupo. O'Heir también ha tenido roles pequeños y eventuales en varias películas y series televisivas, tales como Friends, Boston Legal, Malcolm in the Middle, Star Trek: Voyager, ER y Parenthood."
en,"Andrew Orvedahl is an American comedian best known for his work with The Grawlix, a comedy trio consisting of Orvedahl, Adam Cayton-Holland and Ben Roy, and the TruTV scripted comedy television show Those Who Can't. As a member of The Grawlix, Orvedahl has starred in a series of Funny or Die video releases written and directed by The Nix Bros and the Grawlix Saves The World, a podcast on the Starburns Audio Network."
zh,薑亞綱（Zingiberidae）是克朗奎斯特分類法对顯花植物分類中採用的種綱以下、目以上的分類。共包括2個目：鳳梨目
zh,蕭伯纳（，1856年7月26日—1950年11月2日），直譯為喬治·伯纳德·蕭，英国/爱尔兰剧作家和伦敦政治经济学院的联合创始人。早年靠写作音乐和文学评论谋生，后来因为写作戏剧而出名。萧伯纳一生写过超过60部戏剧，擅长以黑色幽默的形式来揭露社会问题。1926年因為「作品具有理想主義和人道主義」而獲1925年度的諾貝爾文學獎，Alan Lerner曾改編其喜劇作品《賣花女》（）成音樂劇《窈窕淑女》（），該音樂劇又改編為好萊塢同名賣座電影而家喻戶曉。
en,"Lok Satta  is a classical liberal political party in India, founded by Nagabhairava Jaya Prakash Narayana, a former I.A.S. officer and renowned activist from Andhra Pradesh. Since 1996, the Lok Satta Movement functioned as a non-governmental organisation, but on 2 October 2006, the movement was reorganised into a formal political party. The party intends to further the causes of the Lok Satta Movement, including a reduction in the size of the cabinet, promotion of the Right to Information Act, and disclosure of criminal records and assets by political candidates. Beginning with the 2009 elections the party has adopted a whistle as their official symbol. On 23 March 2016, the party founder president, Jayaprakash Narayan said that they will not take part in electoral politics for sometime."
ru,"Муравьи-бульдоги — род примитивных муравьёв Австралии, в том числе муравьёв-бульдогов и прыгающих муравьёв. Около 90 видов. Один из наиболее опасных родов и видов муравьёв. Ужаление некоторых видов рода Myrmecia может вызвать сильную и продолжительную боль, которая у человека длится несколько дней. В некоторых случаях отмечаются тяжёлые аллергические реакции и даже анафилактический шок, который может привести к смерти особо чувствительных пациентов."
vi,Hydaticus seminiger là một loài bọ cánh cứng trong họ Bọ nước. Loài này được De Geer miêu tả khoa học năm 1774.
fr,"Les Abymes est une commune française située dans le département de la Guadeloupe. Avec 52 118 habitants en 2021, Les Abymes est la commune la plus peuplée de Guadeloupe. Elle est la principale ville-centre de l'unité urbaine de Pointe-à-Pitre-Les Abymes, qui est la plus peuplée de l'outre-mer français, avec 251 525 habitants à la même date et la 26e de France. Elle est aussi la commune-centre de l'aire d'attraction des Abymes qui regroupe 313 962 habitants en 2021. Ses habitants sont appelés les Abymiens et les Abymiennes."
tr,"Kayabaşı, Kastamonu ilinin Hanönü ilçesine bağlı bir köydür."
ru,"Ходжа́ Ния́з — уйгурский государственный и политический деятель, первый президент Тюркской Исламской Республики Восточный Туркестан, государства, существовавшего де-факто на территории будущего Синьцзян-Уйгурского автономного района КНР."
ja,小村井駅（おむらいえき）は、東京都墨田区文花二丁目にある東武鉄道亀戸線の駅である。駅番号はTS 41。
zh,馬爾科·德米特羅維奇 是一位塞爾維亞足球運動員，在場上的位置是守門員。現效力於西甲球隊西維爾，曾效力於西班牙乙組球隊阿尔科孔。他也代表塞爾維亞U21國家足球隊參賽。
th,"เกรกอร์ ""กอร์"" เวอร์บินสกี เกิดวันที่ 16 มีนาคม ค.ศ. 1964 เป็นผู้กำกับภาพยนตร์ นักเขียนบท ผู้อำนวยการสร้าง และนักดนตรีชาวอเมริกัน เขาเป็นที่รู้จักกันเป็นอย่างดีในการกำกับภาพยนตร์สามเรื่องแรกของภาพยนตร์เรื่อง ไพเรทส์ออฟเดอะแคริบเบียน, เดอะ ริง: คำสาปมรณะ และ แรงโก้: ฮีโร่ทะเลทราย เวอร์บินสกีจบการศึกษาจาก โรงเรียนภาพยนตร์ยูซีแอลเอ. ภาพยนตร์เรื่องล่าสุดของเขาเรื่อง อะ เคียว ฟอร์ เวลเนส: ชีพอมตะ ฉายในปี ค.ศ. 2017"
ja,千葉県立船橋二和高等学校 は、千葉県船橋市二和西にある県立高等学校。通称は「二和」（ふたわ）。1クラス40人ほど在籍し1学年約8クラスある。
ru,"Белая женщина — женское привидение в белой одежде, образ которого встречается в англосаксонской, германской, славянской и других фольклорных традициях; в большинстве случаев история и образ конкретной Белой женщины привязаны к какой-либо местной трагической легенде, зачастую связанной с потерей или предательством женщины со стороны мужа, возлюбленного или жениха."
ar,ياكوبو دالوجليو ‏ هو لاعب كرة قدم إيطالي في مركز الوسط. لعب مع نادي بريشيا ونادي ريجينا وASD Barletta 1922 ‏ واتحاد بافيا لكرة القدم.
vi,"Ciechnowo là một ngôi làng thuộc khu hành chính của Gmina Sławoborze, thuộc quận Świdwin, West Pomeranian Voivodeship, ở phía tây bắc Ba Lan. Nó nằm khoảng 4 kilômét (2 mi) về phía đông nam Sławoborze, 10 km (6 mi) về phía bắc của Świdwin và 91 km (57 mi) về phía đông bắc của thủ đô khu vực Szczecin."
th,ดาโซราฟาล เป็นเครื่องบินรบแบบสองเครื่องยนต์เจ็ต สัญชาติฝรั่งเศส ทำการรบได้หลายแบบ ทั้งภารกิจ ระยะสั้น และ ระยะไกล เครื่องบินราฟาล เป็นเครื่องบินขับไล่หลากบทบาท (multi-role) ตรวจจับได้ยาก มีความสามารถปฏิบัติการได้ทั้งกลางวัน และกลางคืน ทุกสภาพอากาศ มันสามารถขึ้น-ลงจอดบนเรือบรรทุกอากาศยานได้
es,"El convento de Nuestra Señora del Rosal es un edificio del municipio español de Priego, en la provincia de Cuenca."
ja,海岸寺（かいがんじ）は、山梨県北杜市須玉町上津金にある臨済宗妙心寺派の寺院。山号は津金山。本尊は釈迦如来。甲斐百八霊場第71番札所。
en,"Rie Miyazawa  is a Japanese actress and former idol singer. She is regarded as one of Japan's top actresses, and her accolades include six Japan Academy Film Prizes and three Kinema Junpo Awards."
ja,九七式中迫撃砲（97しきちゅうはくげきほう）は、大日本帝国陸軍の迫撃砲である。年式は皇紀2597年 を示す九七式であるが、これは設計着手年度から取ったものと思われる。実際の制式制定は1942年（昭和17年）6月であった。
en,"Charles Seymour, 6th Duke of Somerset, known by the epithet ""The Proud Duke"", was an English aristocrat and courtier. He rebuilt Petworth House in Sussex, the ancient Percy seat inherited from his wife, in the palatial form which survives today. According to the Encyclopædia Britannica Eleventh Edition, he was a remarkably handsome man, and inordinately fond of taking a conspicuous part in court ceremonial; his vanity, which earned him the sobriquet of ""the proud duke"", was a byword among his contemporaries and was the subject of numerous anecdotes; Macaulay described him as ""a man in whom the pride of birth and rank amounted almost to a disease""."
vi,"Rết, hay tít , là tên gọi tiếng Việt của một nhóm động vật chân khớp thuộc lớp Chân môi (Chilopoda) trong phân ngành Nhiều chân (Myriapoda). Rết là loài động vật thân đốt, có lông, thon dài, mỗi đốt có một đôi chân. Số lượng chân của mỗi loài rết rất đa dạng, từ dưới 20 cho đến trên 300 chân. Số cặp chân rết luôn là số lẻ, ví dụ nó có thể có 15 hoặc 17 cặp chân nhưng không bao giờ có 16 cặp chân. Một đặc điểm dễ nhận thấy của rết là cặp kìm ở trước miệng có thể tiết nọc độc vào kẻ thù, được hình thành từ một cặp phần phụ miệng. Hầu hết các loài rết là động vật ăn thịt."
ja,"アルツェルグランデ は、イタリア共和国ヴェネト州パドヴァ県にある、人口約4,900人の基礎自治体（コムーネ）。"
tr,Chevrolet Corvette GM tarafından üretilen Amerikan spor otomobilidir.
th,"เชียงใหม่ เป็นเมืองที่มีขนาดใหญ่ที่สุดและเป็นเมืองวัฒนธรรมที่สำคัญที่สุดในภาคเหนือของประเทศไทย เป็นเมืองศูนย์กลางของจังหวัดเชียงใหม่ และเป็นอดีตนครหลวงแห่งอาณาจักรล้านนา ห่างจากกรุงเทพมหานครไปทางทิศเหนือเป็นระยะทาง 700 กิโลเมตร มีแม่น้ำปิงไหลผ่านเมือง และตั้งอยู่ท่ามกลางภูเขาที่สูงที่สุดของประเทศ เขตเทศบาลมีพื้นที่ 40.22 ตารางกิโลเมตร โดยครอบคลุมพื้นที่ส่วนใหญ่ของอำเภอเมืองเชียงใหม่ ในแง่ของจำนวนประชากรของเทศบาลนครเชียงใหม่ซึ่งมีประมาณ 130,000 คน นับว่าเป็นเทศบาลที่มีประชากรมากเป็นอันดับที่ 4 ของประเทศไทย เทศบาลนครเชียงใหม่ยังเป็นเทศบาลนครแห่งแรกของประเทศไทย"
zh,無花果鸚鵡族（學名：），常簡稱無花果鸚鵡，為鸚形目舊世界鸚鵡科下的一個族。本族下的物種分佈於新幾內亞地區和澳大利亚東北部的森林環境中，並以無花果種子為主食因此得名。目前下屬2屬共7個物種。
es,El Pratt & Whitney F119 es un motor aeronáutico turbofán con postcombustión desarrollado por la compañía estadounidense Pratt & Whitney para el caza Lockheed Martin F-22 Raptor.
en,"Mangelia semiassa is a species of sea snail, a marine gastropod mollusk in the family Mangeliidae."
ja,五代目 鶴屋 南北 は江戸後期の歌舞伎役者・歌舞伎作者。本名、松本源三郎。俳名は可祐、屋号は鶴屋、紋は丸に大の字。
es,"Juniperus scopulorum es una especie de enebro nativo del oeste de América del Norte, en Canadá, en la Columbia Británica y el suroeste de Alberta, en los Estados Unidos desde Washington al este de Dakota del Norte, al sur de Arizona y también a nivel local el oeste de Texas, y más al norte México de Sonora al este de Coahuila. Crece a una altitud de 500-2,700 m en suelos secos, a menudo junto con otras especies de enebro."
vi,"Quảng trường Tự do ở Bydgoszcz nằm ở Bydgoszcz, Ba Lan, trong khu vực trung tâm thành phố, giữa đường Gdańska và công viên Casimir Đại đế."
zh,马尔扎诺-迪诺拉（義大利語：），是意大利阿韦利诺省的一个市镇。总面积4.62平方公里，人口1713人，人口密度370.8人/平方公里（2009年）。ISTAT代码为064047。
th,"พระราชพิธีเสกสมรสระหว่างเจ้าชายแฮร์รีกับเมแกน มาร์เกิล มีขึ้นเมื่อวันที่ 19 พฤษภาคม ค.ศ. 2018 ณ โบสถ์น้อยเซนต์จอร์จภายในพระราชวังวินด์เซอร์ สหราชอาณาจักร โดยเป็นพระราชพิธีเสกสมรสระหว่างเจ้าชายแฮร์รี สมาชิกราชวงศ์สหราชอาณาจักร กับเมแกน มาร์เกิล หญิงสาวชาวอเมริกันที่เคยทำอาชีพนักแสดง, บล็อกเกอร์, ทูตการกุศล และทนาย ในเช้าวันแต่งงาน สมเด็จพระราชินีนาถเอลิซาเบธที่ 2 พระอัยยิกาในเจ้าชายแฮร์รี พระราชทานตำแหน่งดยุกแห่งซัสเซกซ์, เอิร์ลแห่งดัมบาร์ตัน และบารอนคิลคีลให้กับพระองค์"
fr,"L'irritabilité est une propriété des tissus et des organes vivants de réagir à une excitation interne ou, le plus souvent, externe, de manière physiologique ou pathologique. Plus spécifiquement, en psychologie, c'est un trait de caractère désignant une propension aux réactions colériques."
ru,Папуанская исполинская ящерица — вид ящериц из семейства сцинковых.
fr,"Don Payne, né le 5 mai 1964 à Wilmington en Caroline du Nord et mort le 26 mars 2013 à Los Angeles, en Californie, est un scénariste et producteur américain. Il a écrit des épisodes des Simpson, dont plusieurs avec John Frink. Payne a écrit Ma super ex et a coécrit Les 4 Fantastiques et le Surfer d'Argent et Thor."
it,"La chiesa di San Martino è il principale edificio sacro del comune di Calolziocorte, località situata nella Valle San Martino, in provincia di Lecco. Fu eretta in posizione elevata, su di una collina, e resa così visibile dal paese e dai comuni circostanti. Il progettista della chiesa fu il noto architetto italiano Giuseppe Bovara, che rese l'edificio uno dei suoi lavori più significativi."
ar,كاسيك صغير المنقار هو نوع من الطيور يتبع جنس الكاسيك من فصيلة الصفراويات.
es,"Sor Plautilla Nelli fue una monja dominica que trabajó como artista, siendo considerada la primera mujer pintora renacentista autodidacta de Florencia, Italia."
it,"Vittorio Faroppa è stato un calciatore e allenatore di calcio italiano, di ruolo portiere. Era anche noto come Faroppa II per distinguerlo dal fratello Luigi."
fr,"Le Château de Larciano (en italien : Castello di Larciano, est située dans la commune de Larciano dans la province de Pistoia en Toscane."
en,"Orocrambus melitastes is a moth in the family Crambidae. It was described by Edward Meyrick in 1909. This species is endemic to New Zealand, where it has been recorded in Southland, Otago and Westland. It is found from the subalpine zone down to sea level."
es,"Ruth Brandt fue una artista y docente irlandesa, conocida por su inspiración en la naturaleza para su obra."
it,Giulio Foresti è stato un pilota automobilistico italiano.
it,Serrenti è un comune italiano di 4 501 abitanti della provincia del Sud Sardegna.
tr,"Uşak, Ege Bölgesi'nde Batı ve Orta Anadolu'yu birbirine bağlayan İç Ege Bölümü'nde Gördes - Uşak Platosu üzerinde bulunan il. 31 Aralık 2023 yılı verilerine göre nüfusu 377.001'dir."
en,"Stephen Patrick Sinko was an American football player and coach. He played professionally as a guard and tackle in the National Football League (NFL) for the Boston Redskins from 1934 to 1936 and the Los Angeles Bulldogs from 1937 to 1938. Sinko served as the head football coach at Boston University from 1957 to 1963, compiling a record of 23–36–3."
ar,دوغالد ماكفيرسن ‏ هو رياضياتي بريطاني، ولد في 1959.
ar,فيليب ك. سورنسن ‏ هو محامي وسياسي أمريكي، ولد في 31 أغسطس 1933 في الولايات المتحدة، وتوفي في 12 فبراير 2017 في نفس البلد. حزبياً، نشط في Nebraska Democratic Party ‏.
th,"ขบวนการกระทิงแดง เป็นขบวนการฝ่ายขวาที่มีบทบาททางการเมืองในประเทศไทยหลังเหตุการณ์ 14 ตุลาคม พ.ศ. 2516 ก่อตั้งโดย""กองบัญชาการรักษาความมั่นคงภายใน"" เพื่อปราบคอมมิวนิสต์ ผู้นำกลุ่มเป็นทหารรับจ้างที่ทำงานกับหน่วยสืบราชการลับของสหรัฐที่มีชื่อว่า พันเอกพิเศษ สุตสาย หัสดิน (ยศในขณะนั้น) ที่ปรึกษาได้แก่ นาย เผด็จ ดวงดี สมาชิกส่วนใหญ่เป็นนักศึกษาระดับอาชีวศึกษาในกรุงเทพฯ ที่เคยเข้าร่วมในเหตุการณ์ 14 ตุลาคม พ.ศ. 2516 มาแล้วเช่นกัน"
fr,"Le dolmen de La Borda, appelé aussi des Pasquerets, est un dolmen situé à Eyne, dans le département français des Pyrénées-Orientales."
th,กลุ่มรัฐกะเหรี่ยงแดง หรือเรียก เมืองยางแดง เป็นชื่อเรียกกลุ่มรัฐของชาวกะเหรี่ยงแดง ซึ่งปัจจุบันอยู่ในพื้นที่ของรัฐกะยา ประเทศพม่า ดินแดนนี้อยู่ทางใต้ของสหพันธรัฐชานและทางตะวันออกของพม่าของอังกฤษ รัฐบาลของบริติชอินเดียและพระเจ้ามินดงแห่งราชวงศ์อลองพญา ได้ลงนามในสนธิสัญญารับรองเอกราชของกลุ่มรัฐกะเหรี่ยงแดงใน พ.ศ. 2418 ดินแดนนี้ไม่เคยถูกผนวกเป็นส่วนหนึ่งของพม่าของอังกฤษ เมื่อพม่าได้รับเอกราช กลุ่มรัฐกะเหรี่ยงแดงกลายเป็นรัฐกะยาแต่ตั้งแต่ 29 เมษายน พ.ศ. 2502 ทั้งรัฐชานและรัฐกะยาถูกปกครองโดยรัฐบาลพม่าโดยตรง
es,"Riols  es una población y comuna francesa, situada en la región de Languedoc-Rosellón, departamento de Hérault, en el distrito de Béziers y cantón de Saint-Pons-de-Thomières."
it,"Tilt Ya Head Back è un brano del rapper Nelly, cantato con la cantante pop Christina Aguilera, pubblicato nel 2004, ed estratto dall'album di Nelly Sweat."
th,สาธารณรัฐอาร์มีเนียที่ 1 มีชื่ออย่างเป็นทางการ สาธารณรัฐอาร์มีเนีย เป็นรัฐเอกราชที่ดำรงอยู่ตั้งแต่วันที่ 30 พฤษภาคม ค.ศ. 1918 ถึงวันที่ 2 ธันวาคม ค.ศ. 1920 ในดินแดนที่มีประชากรอาร์นีเนียอาศัยอยู่ในอดีตจักรวรรดิรัสเซีย สาธารณรัฐก่อตั้งขึ้นในเดือนพฤษภาคม ค.ศ. 1918 หลังจากการล่มสลายของสหพันธ์สาธารณรัฐประชาธิปไตยทรานส์คอเคเซีย โดยมีเมืองหลวงอยู่ที่เยเรวาน ซึ่งถือเป็นการฟื้นฟูรัฐอาร์มีเนียขึ้นครั้งแรกนับตั้งแต่สมัยกลาง
it,"Jack Benny, all'anagrafe Benjamin Kubelsky, è stato un attore, comico, showman e violinista statunitense."
zh,朱文熊（1883年2月12日—1961年3月4日），乳名杏生，字造五，又字兆弧，江苏昆山陈墓人，清末切音字运动的先驱。
th,แอพริล ยีเน็ตต์ เมนเดซ บรูกส์ เกิดวันที่ 19 มีนาคม ค.ศ. 1987 เป็นอดีตนักมวยปล้ำอาชีพชาวอเมริกันของWWEในชื่อ เอเจ ลี เคยเข้าร่วมค่ายพัฒนาทักษะ ฟลอริดาแชมเปียนชิปเรสต์ลิง(FCW) และร่วมแข่งขันNXT ซีซั่น 3 ในปี 2012 เธอได้เป็นผู้จัดการทั่วไปของรอว์ ในปีต่อๆมาได้เป็นแชมป์ดีวาส์ 3สมัย และเป็นแชมป์ดีวาส์ที่ยาวที่สุดอันดับ 2 ด้วยเวลา 295 วัน และได้รับรางวัล สแลมมีอะวอร์ด สำหรับดีวาส์แห่งปี 2012 และ 2014
tr,"Grace Elizabeth Harry Cabe, ilk olarak giyim şirketi Guess ile yaptığı çalışmalarla tanınan Amerikalı bir modeldir. 2016 yılında Victoria's Secret Fashion Show için yürümeye başladı ve PINK markasının sözcüsü oldu. 2019'da Victoria's Secret meleği oldu."
ja,紀州鉄道株式会社 は、日本の不動産開発業者であり鉄道事業者である。鶴屋産業の子会社で、東京都中央区に本社を置く。鉄道路線として和歌山県御坊市で紀州鉄道線を運営している。
en,"Patsey was an African-American enslaved woman. Solomon Northup wrote about her in his book Twelve Years a Slave, which is the source for most of the information known about her. There have been two adaptations of the book in film, Solomon Northup's Odyssey in 1984 and the better known 12 Years a Slave, in 2013. In the latter Patsey was portrayed by Lupita Nyong'o, who won the Academy Award for Best Supporting Actress for her performance."
ru,"Quarterhorse — многоразовый гиперзвуковой беспилотный летательный аппарат, разрабатываемый американской стартап-компанией Hermeus Corporation из Атланты, штат Джорджия."
it,Frauensee è una frazione della città tedesca di Bad Salzungen.
ru,"Остроло́дочник волоси́стый — многолетнее травянистое растение, вид рода Остролодочник семейства Бобовые (Fabaceae)."
ja,上富良野町（かみふらのちょう）は、北海道上川総合振興局にある町。
ar,مالفاي واشنطن ‏ هو لاعب كرة مضرب أمريكي ولد في 20 يونيو 1969 بدأ الاحتراف في عام الكرة الصفراء في 1989 واعتزل في 1999.
vi,"Xã Center là một xã thuộc quận Woodson, tiểu bang Kansas, Hoa Kỳ. Năm 2010, dân số của xã này là 527 người."
es,"Baco, Venus y Ariadna es una pintura al óleo ejecutada en Venecia entre 1576 y 1577 por el pintor italiano Jacopo Tintoretto que se exhibe en la Sala dell'Anticollegio del Palacio Ducal de Venecia. Es una de las cuatro pinturas casi cuadradas sobre temas mitológicos y alegóricos enmarcadas con estuco en la misma sala, que fueron encargadas para celebrar la prosperidad y concordia del gobierno del dux Girolamo Priuli (1486-1567)."
tr,"Stromatolit, özellikle daha çok mavi-yeşil algler olarak bilinen siyanobakteri gibi mikroorganizmaların biyofilmlerinin tortu tanelerinin bir araya gelip yapışması, birikmesi ve donması ile sığ sularda oluşan genişleme eğilimli katmanlı yapılardır. Stromalitler konik, dallanmış, dairesel ve kolon tipi biçimlerde bulunur. İlk olarak 3,5 ila 3,8 milyar yıl önce oluştukları sanılmaktadır. Oluştukları zamandan 2 milyar yıl boyunca gezegenin mutlak hâkimi, en gelişmiş yaşam formuydular. Stromalitler, Kambriyen öncesi fosil kayıtlarını barındırırlar ancak günümüzde çok az sayıdadırlar. Günümüzde sadece Batı Avustralya'daki Shark Körfezinde bulunurlar. Varlıklarını burada sürdürebilmelerinin sebebi, körfez sularının siyanobakterileri yiyecek yaratıkların gelmesini engelleyecek kadar tuzlu olmasıdır. Çok az sayıdaki çok eski stromalitler fosilleşmiş mikroplar içerir."
it,"Mulberry è un comune degli Stati Uniti d'America, situato nello Stato dell'Indiana, nella contea di Clinton."
es,"Susan Aho es una cantante y compositora de música folclórica finlandesa y miembro del grupo Värttinä. En 2010, representó a Finlandia en el Festival Eurovision como parte del dúo Kuunkuiskaajat."
en,"Louis Clément Ngwat-Mahop  is a Cameroonian professional footballer who plays for the Junior team of Austrian side SC Rheindorf Altach, combining his playing duties with being responsible for the integration of foreign and young players for the first team of the club. He plays as a forward or a right winger."
th,วัดบ้านทวน ตั้งอยู่ที่ หมู่ 2 ตำบลพนมทวน อำเภอพนมทวน จังหวัดกาญจนบุรี สังกัดคณะสงฆ์มหานิกาย ที่ดินตั้งวัดมีเนื้อที่ 28 ไร่ 3 งาน 50 ตารางวา
th,ห้วยแถลง เป็นตำบลหนึ่งในอำเภอห้วยแถลง จังหวัดนครราชสีมา โดยมีพื้นที่ความรับผิดชอบอยู่ในองค์การปกครองส่วนท้องถิ่น 2 หน่วยงาน คือ เทศบาลตำบลห้วยแถลง และองค์การบริหารส่วนตำบลห้วยแถลง
th,อีพีเอ็ (EPN) เป็น ยาฆ่าแมลง ประเภท ฟอสโฟโนไธโอเอท
fr,"Nimrod est une ville américaine située dans le comté de Wadena, dans le Minnesota. Selon le recensement de 2010, sa population est de 69 habitants."
tr,"Tek Başına, 1973 ABD yapımı yarı otobiyografik aksiyon gerilim filmidir. Özgün adı Walking Tall olan film Ekim 1981'de Türkiye'de sinemalarda gösterilmiştir."
vi,"Gấu đen Himalaya là một phân loài của gấu đen châu Á được tìm thấy ở dãy Himalaya của Ấn Độ, Tây Tạng, Nepal, Trung Quốc và Pakistan."
ja,株式会社T&Dホールディングス は、主に3つの生命保険会社を傘下におく金融持株会社である。日経平均株価の構成銘柄の一つ。
en,"SAK Celovec/Klagenfurt is an Austrian football club based in Klagenfurt (Celovec), Carinthia, currently playing in the 4th tier Kärntner Liga. It was founded in 1970 by members of the Klagenfurt Slovene secondary school (Gymnasium) around Valentin Inzko."
ja,ウィリアムズFW16 は、ウィリアムズが1994年のF1世界選手権で使用したフォーミュラ1カー。パトリック・ヘッドとエイドリアン・ニューウェイが設計した。第9戦ドイツGP以降はBスペックのFW16Bが使用された。
en,"The White Hart Inn, Llangybi, Monmouthshire is a public house dating from the early 17th century. Located at a crossroads in the centre of the village, it is a Grade II* listed building."
vi,"Kinoshita Yuka là một Youtuber Nhật Bản và là một người có sức ăn khác người. Đến khi chụp CT, đội ngũ giám sát mới nhận ra dạ dày Yuka vô cùng đặc biệt. Lúc đói, bộ phận này chỉ lớn hơn mức trung bình một chút nhưng nếu đưa vào 100 miếng sushi, nó sẽ to lên 66 lần, thậm chí đè vào các cơ quan khác. Ngoài ra, do không hấp thụ được dinh dưỡng từ lượng thực phẩm khổng lồ, Yuka ăn bao nhiêu cũng không béo."
th,ซัลวาโตเร ซีรีกู เป็นนักฟุตบอลอาชีพชาวอิตาลี ปัจจุบันเล่นให้กับสโมสรฟุตบอลฟาติห์คารากุมรุคในตำแหน่งผู้รักษาประตู
fr,"Pioneer est un village américain situé dans le comté de Williams, dans l'Ohio. Selon le recensement de 2010, sa population est de 1 380 habitants."
fr,Lapin chasseur est un cartoon Merrie Melodies réalisé par Friz Freleng en 1944 mettant en scène Bugs Bunny et un chien. Il est sorti le 22 juillet 1944.
ru,"Абру́ццкие Апенни́ны — высокая и широкая горная возвышенность в центральной части Апеннин в Италии, между реками Тронто и Сангро. Также упоминаются под названием Абру́ццы."
it,Super Mario Bros. Wonder  è un videogioco a piattaforme della serie Super Mario sviluppato e pubblicato da Nintendo per Nintendo Switch. È stato distribuito in tutto il mondo il 20 ottobre 2023. È il primo videogioco a scorrimento laterale tradizionale di Super Mario dai tempi di New Super Mario Bros. U (2012).
ja,山（やま）とは、周囲よりも高く盛り上がった地形や場所のことをいう。地形学では丘陵や｢台地｣よりも周囲との相対的高度差（比高）や起伏が大きいものを指す。平地と比べ、傾斜した地形から成る。
vi,Alepidea capensis là một loài thực vật có hoa trong họ Hoa tán. Loài này được (P.J.Bergius) R.A.Dyer mô tả khoa học đầu tiên năm 1937.
it,"L’EuroVelo 2, detta anche «la strada delle Capitali», è una pista ciclabile parte della rete del programma europeo EuroVelo. Lunga 5.500 chilometri, unisce Galway in Irlanda a Mosca collegando da ovest a est sette paesi."
es,"El castillo de Guijosa o castillo de don Íñigo López de Orozco es una fortificación, emplazada en la localidad española de Guijosa, perteneciente al municipio de Sigüenza."
ar,أغنية الجنوب ‏ هو فيلم حركة تم إنتاجه في الولايات المتحدة وصدر في سنة 1946.
th,"เจียอี้ เป็นนครแห่งหนึ่งในมณฑลไต้หวัน สาธารณรัฐจีน ตั้งอยู่บนที่ราบทางภาคตะวันตกเฉียงใต้ ถูกล้อมรอบโดยเทศมณฑลเจียอี้ มีผู้อยู่อาศัยจำนวน 263,188 คน เมื่อเดือนมกราคม ค.ศ. 2023"
ja,クイントン・フォーチュン は、南アフリカ共和国出身の元同国代表サッカー選手。現役時代のポジションはMF、DF。
vi,"Kristina Háfoss là nhà kinh tế học, luật sư, chính trị gia người Faroe. Năm 2015, bà làm Bộ trưởng Bộ Tài chính của Quần đảo Faroe nhiệm kỳ 2015-2019. Hiện tại, bà đang giữ chức vụ làm Tổng Thư ký Hội đồng Bắc Âu kể từ năm 2021."
th,สุริยุปราคาเต็มดวงจะเกิดขึ้นในวันที่ 27 มกราคม พ.ศ. 2636 สุริยุปราคาเกิดขึ้นเมื่อดวงจันทร์ โคจรผ่านระหว่างโลกและดวงอาทิตย์ โดยวิธีนั้นจะเห็นสุริยุปราคาแบบเต็มดวงและแบบบางส่วนเมื่อมองจากโลก สุริยุปราคาเต็มดวงเกิดขึ้นเมื่อขนาดเชิงมุมของดวงจันทร์ มีขนาดใหญ่กว่าดวงอาทิตย์ โดยจะบดบังแสงโดยตรงทั้งหมดจากดวงอาทิตย์ ทำให้เวลากลางวันเข้าสู่ความมืด สุริยุปราคาแบบเต็มดวงเกิดขึ้นในแนวแคบผ่านบนพื้นผิวโลก และสุริยุปราคาบางส่วนสามารถมองเห็นได้เหนือบริเวณรอบ ๆ ภูมิภาคนั้นกว้างหลายพันกิโลเมตร
zh,裂盾蛛科 是裂盾目下的一个科。
ru,"Dacentrurus (лат.) — род крупных птицетазовых динозавров из семейства Stegosauridae, относящегося к тиреофорам (Thyreophora). Жил в позднем юрском периоде на территории современной Англии. Представлен одним видом — Dacentrurus armatus, первоначально носившим название Omosaurus armatus, однако был переименован, так как родовое название Omosaurus было занято другой вымершей рептилией. После описания первого вида было описано ещё около шести видов, однако все они были признаны недействительными."
ja,"サン・コスタンティーノ・カーラブロ は、イタリア共和国カラブリア州ヴィボ・ヴァレンツィア県にある、人口約2,200人の基礎自治体（コムーネ）。"
fr,"La ville de Winona est le siège du comté de Montgomery, situé dans l'État du Mississippi, aux États-Unis. Sa population était de 5 482 habitants au recensement de 2000."
pt,"Santiago do Cacém era una freguesia portuguesa del municipio de Santiago do Cacém, distrito de Setúbal."
ar,بيتر جي. كلاين ‏ هو اقتصادي أمريكي، ولد في 1966.
es,"Igor Lukšić, es un político montenegrino, miembro del Partido democrático socialista (DPS)."
es,"Ignacio Valenzuela Moraga es un periodista deportivo y relator de televisión chileno. Actualmente es parte de Deportes 13, donde relata diversos deportes y conduce las noticias deportivas en Teletrece. Además, es parte de TNT Sports, donde relata fútbol chileno y conduce el noticiero deportivo TNT Data Sports."
zh,"卡拉马里亚（希臘語：），是希腊中马其顿大区塞萨洛尼基专区的一个市镇，位于塞萨洛尼基主城区东南5公里。该地总人口87,255(2001)，居塞萨洛尼基都会区第二位。"
fr,"Flachères est une commune française située dans le département de l'Isère, en région Auvergne-Rhône-Alpes."
it,Alexander Megos è un arrampicatore tedesco.
es,"Robert Crais, es un escritor estadounidense de novelas de misterio o suspense, creador del dúo de detectives Elvis Cole y Joe Pike. Su estilo esta influido por Raymond Chandler, Dashiell Hammett, Ernest Hemingway, Robert B. Parker y John Steinbeck. Ha recibido numerosos premios literarios.."
th,วิลลี ชโตฟ เป็นนักการเมืองและวิศวกรชาวเยอรมัน ดำรงตำแหน่งหัวหน้ารัฐบาลของประเทศเยอรมนีตะวันออกระหว่างปี 1964 ถึง 1973 ต่อมาได้เป็นประมุขแห่งรัฐคนที่สามของประเทศในปี 1973 และกลับมาดำรงตำแหน่งประธานสภารัฐมนตรีอีกครั้งระหว่างปี 1976 ถึง 1989 นอกจากนี้ยังเคยดำรงตำแหน่งอื่นอย่างรัฐมนตรีว่าการกระทรวงกลาโหม และรัฐมนตรีว่าการกระทรวงมหาดไทย
vi,Lastreopsis decomposita là một loài thực vật có mạch trong họ Dryopteridaceae. Loài này được Tindale miêu tả khoa học đầu tiên năm 1957.
fr,"L’Erft est un affluent du Rhin par le sud-ouest, long de 107 km. Il se situe en totalité dans la région de Rhénanie-du-Nord-Westphalie (Allemagne). Ce cours d'eau, très artificialisé à la suite des rejets des eaux d'exhaure des mines de lignite, et envahi par des espèces exogènes en provenance de la vallée du Rhin, fait depuis 1975 l'objet de mesures de renaturation considérables."
th,โฮนัม เป็นภูมิภาคที่อยู่กับจังหวัดช็อลลาเดิม ซึ่งปัจจุบันอยู่ในประเทศเกาหลีใต้ ปัจจุบันนี้ใช้อ้างถึงพื้นที่จังหวัดช็อลลาเหนือและจังหวัดช็อลลาใต้
zh,5-肼基四唑是一种有机化合物，化学式为CH4N6。
en,"Alizée Costes is a French female acrobatic gymnast. With partners Madeleine Bayon and Noémie Nadaud, Costes achieved 7th in the 2014 Acrobatic Gymnastics World Championships."
it,"Lo Skírnismál è uno dei poemi che compongono l'Edda poetica. È attualmente conservato nel Codex Regius, il manoscritto del XIII secolo e nell'AM 748 I 4to ma la critica è generalmente d'accordo nel datarlo alla prima metà del X secolo, o forse addirittura intorno al 900, probabilmente in Norvegia. Il prologo e due brevi passi in prosa furono presumibilmente scritti dal compilatore medievale del manoscritto dell'Edda poetica, che sentì la necessità di palesare il contesto della vicenda e fornire alcuni dettagli a chi non avesse familiarità col racconto. Molti studiosi ritengono inoltre che il poema fosse recitato, forse in una sorta di ierogamia."
zh,卡特拉布赫湖（烏克蘭語：），是烏克蘭的湖泊，位於該國西南部敖德薩州，處於多瑙河下游，長21公里、寬11公里，面積67平方公里，最大水深4米，該湖泊在冬季結冰。
fr,"Citrus ×reshni, le mandarinier Cléopâtre, est une espèce de plantes dicotylédones de la famille des Rutaceae, originaire de l'Inde et introduite en Floride au milieu de XIXe siècle en provenance de la Jamaïque."
ru,"Жан II Брабантский по прозвищу Тихий — герцог Брабанта и Лимбурга с 1294 года. Его отцом был Жан I, передавший ему свои титулы, а матерью — Маргарита Фландрская."
en,"Spring Prairie is a town in Walworth County, Wisconsin, United States. The population was 2,123 at the 2020 census. The unincorporated communities of Spring Prairie and Voree are located in the town. The unincorporated communities of Honey Creek and Honey Lake are also located partially in the town."
it,"Ricetto è una frazione di poche decine di abitanti del comune di Collalto Sabino (RI), nel Lazio."
vi,Maroga melanostigma là một loài bướm đêm thuộc họ Oecophoridae. Nó là loài bản địa của Úc.
fr,"Les antipasti ou antipasto sont une assiette composée traditionnelle de la cuisine italienne. Ils sont servis en collation, apéritif, entrée ou hors-d'œuvre de repas, ou au dîner, généralement composés d'une plus ou moins riche variété de divers produits culinaires régionaux d'Italie, ordinairement accompagnés de vin italien."
ru,«Мученичество святой Екатерины» — картина итальянского художника Гверчино из собрания Государственного Эрмитажа.
es,"El Blériot-SPAD S.91 fue avión experimental de caza. Más tarde se desarrollaría en el Blériot-SPAD S.510, el último biplano producido por las industrias aeronáuticas francesas. Fue rechazado por el ejército francés, no consiguió ventas de exportación; sin embargo, André Herbemont, su diseñador usaría su experiencia con los prototipos S.91 para desarrollar el S.510, otro caza biplano que entraría en producción y en servicio con la Aéronautique Militaire francesa."
ar,نيسان جوك هي سيارة من إنتاج شركة نيسان موتورز.
vi,"Xã Otter Creek là một xã thuộc quận Crawford, tiểu bang Iowa, Hoa Kỳ. Năm 2010, dân số của xã này là 1.350 người."
th,ปลาซักเกอร์ครีบสูง หรือ ปลาซักเกอร์กระโดงสูง เป็นปลาหนังชนิดหนึ่ง มีชื่อวิทยาศาสตร์ว่า Pterygoplichthys pardalis อยู่ในวงศ์ปลาซักเกอร์ (Loricariidae)
vi,"Xô thơm, xôn, hoa xôn, tên khoa học Salvia officinalis, là một loài thực vật có hoa trong họ Hoa môi. Loài này được Carolus Linnaeus miêu tả khoa học đầu tiên năm 1753."
ru,"Дми́трий Фёдорович Мамле́ев  — советский и российский писатель, журналист."
vi,"Montebello Vicentino là một đô thị tại tỉnh Vicenza ở vùng Veneto, Ý."
it,Susan Johnson è una regista e produttrice cinematografica statunitense.
fr,Le canton de Chaumont-1 est une circonscription électorale française du département de la Haute-Marne.
vi,"Mainero là một đô thị thuộc bang Tamaulipas, México. Năm 2005, dân số của đô thị này là 2465 người."
zh,鹿島鹿角 是一間位於日本茨城縣的職業足球會，球會根據地位於茨城縣鹿嶋市、潮來市、神栖市、鉾田市和行方市，球隊在1975年成立，現時在日本職業足球聯賽比賽。球會主場是位於鹿嶋市的鹿島足球體育場(カシマサッカースタジアム)。
ja,ヤヴォルとシフィドニツァの平和教会群（ヤヴォルとシフィドニツァのへいわきょうかいぐん）は、ポーランドのドルヌィ・シロンスク県にあるヨーロッパ最大の木造宗教建築物である。グウォグフにもあったが、1758年に焼失した。
ja,洲本港（すもとこう）は、兵庫県洲本市海岸通一丁目にある兵庫県管理の地方港湾である。2020年3月現在、定期運航している旅客航路はない。
ru,"Свитанок — село,"
en,"Monte Bo is a mountain in the Alpi Biellesi, a sub-range of Pennine Alps."
th,โครคุสซีตีฮอลล์ เป็นสถานจัดแสดงดนตรี ตั้งอยู่ในเมืองครัสโนกอร์สค์ แคว้นมอสโก ทางเหนือของนครมอสโก ใกล้กับถนนวงแหวนมอสโก โครคุสซีตีฮอลล์เป็นผลงานการพัฒนาของนักธุรกิจอารัส อากาลารอฟ และเปิดในปี 2009 ในเดือนมีนาคม 2024 เกิดเหตุก่อการร้ายครั้งรุนแรงที่นี่ ถือเป็นครั้งที่มีผู้เสียชีวิตสูงที่สุดของรัสเซียในรอบสองทศวรรษ
en,"The Phoenician sanctuary of Kharayeb is a historic temple in the hinterland of Tyre, Southern Lebanon, that was excavated in three stages. In 1946, Maurice Chehab, head of Lebanon's Directorate General of Antiquities, led the first mission that revealed a Hellenistic period temple and thousands of clay figurines dating from the sixth-to-first centuries BC. Excavations in 1969 by Lebanese archaeologist Brahim Kaoukabani and in 2009 by the Government of Italy yielded evidence of cultic practices, and produced a detailed reconstruction of the sanctuary's architecture."
fr,Knoxford est une communauté canadienne située dans le comté de Carleton dans la province du Nouveau-Brunswick.
ru,"Лук стебе́льчатый — многолетнее травянистое растение, вид рода Лук (Allium) семейства Луковые (Alliaceae)."
zh,波蒂尼 ）是法国卡尔瓦多斯省的一个市镇，属于卡昂区。
vi,"Kathryn Bertine là một tay đua xe đạp người Saint Kitts và Nevis, nhà văn, nhà làm phim và cựu ngôi sao trượt băng và triathlete. Cô đã tham gia cuộc đua đường bộ năm 2013 nữ UCI ở Florence nhưng không hoàn thành."
th,"ทางรถไฟสายหลักไบคาล-อามูร์ เป็นเส้นทางรถไฟขนาดกว้าง 1,520 มิลลิเมตร ในประเทศรัสเซีย ข้ามไซบีเรียตะวันออกและรัสเซียตะวันออกไกล ทางรถไฟสายหลักไบคาล-อามูร์ยาว 4,324 กิโลเมตร วิ่งประมาณ 610 ถึง 770 กิโลเมตร ทางเหนือและขนานไปกับทางรถไฟสายทรานส์-ไซบีเรีย"
ru,"Поццуо́ли — город-порт на берегу одноимённой бухты Неаполитанского залива в Италии, в Метрополии города Неаполь, в области Кампания, в центре знаменитой зоны сейсмической активности. Он является частью городского района Неаполя, в результате чего строго соседствует со столицей."
ja,香港大学 は、 香港 · 薄扶林に本部を置く香港の公立大学。1887年創立、1911年大学設置。大学の略称は港大、HKU。
fr,"Vestra (en suédois : Västra, est un quartier du district de Kivistö de Vantaa en Finlande."
en,"The Aravalli Mountain Range is a northeast-southwest trending orogenic belt in the northwest part of India and is part of the Indian Shield that was formed from a series of cratonic collisions. The Aravalli Mountains consist of the Aravalli and Delhi fold belts, and are collectively known as the Aravalli-Delhi orogenic belt. The whole mountain range is about 700 km long. Unlike the much younger Himalayan section nearby, the Aravalli Mountains are believed much older and can be traced back to the Proterozoic Eon. They are arguably the oldest geological feature on Earth. The collision between the Bundelkhand craton and the Marwar craton is believed to be the primary mechanism for the development of the mountain range."
tr,"Tahtakale , İstanbul ilinin Avcılar ilçesine bir mahalledir."
vi,"Chính sách ""Cái gậy lớn"" là một cách ngôn thường được phát biểu bởi tổng thống thứ 26 của Hoa Kỳ, Theodore Roosevelt; ""nói năng nhỏ nhẹ và cầm một cái gậy lớn; anh sẽ tiến xa đấy"". Bắt nguồn từ đó nên báo chí Mỹ lúc bấy giờ, cùng một số sử gia thời hiện đại, sử dụng cụm từ ""cái gậy lớn"" để chỉ lập trường đối ngoại của Hoa Kỳ dưới thời Roosevelt cầm quyền."
th,ปอร์โตมาโซบิสซิเนสทาวเวอร์ เป็นอาคารระฟ้าแห่งแรกและแห่งเดียวในประเทศมอลตา โดยเป็นอาคารสำนักงานซึ่งตั้งอยู่ในย่านปอร์โตมาโซของเมืองเซนต์จูเลียน ซึ่งเป็นเมืองทางทิศเหนือของวัลเลตตาเมืองหลวงของมอลตา เปิดดำเนินการในปี พ.ศ. 2544 อาคารมีความสูง 97.54 เมตร มี 23 ชั้น ซึ่งเป็นพื้นที่สำนักงานเชิงพาณิชย์แบบผสมผสาน เป็นอาคารที่สูงที่สุดของมอลตาเมื่อสร้างเสร็จจนถึงปี พ.ศ. 2563 เมื่ออาคารเมอร์คิวรีเฮาส์ทาวเวอร์ ซึ่งอยู่ในเขตเซนต์จูเลียนเช่นกันและยังอยู่ระหว่างการก่อสร้างมีความสูงมากกว่า
es,"Carmen es un barrio ubicado en el municipio de Guayama en el estado libre asociado de Puerto Rico. En el Censo de 2010 tenía una población de 619 habitantes y una densidad poblacional de 103,37 personas por km²."
ar,ستيف ياغو ‏ هو لاعب كرة قدم بوركيني فرنسي الميلاد، ويلعب حاليًا كمدافع لصالح نادي تولوز في الدوري الفرنسي الدرجة الأولى.
fr,Carlos Daniel Tapia est un footballeur argentin né le 20 août 1962 à San Miguel en Argentine.
it,Saint-Mars-de-Locquenay è un comune francese di 544 abitanti situato nel dipartimento della Sarthe nella regione dei Paesi della Loira.
es,"Baronesa, Fabienne Claire Nothomb, más conocida como Amélie Nothomb, es una escritora belga en lengua francesa, elegida miembro de la Real Academia de la lengua y de la literatura francesas de Bélgica."
zh,舊大溪橋，為台灣宜蘭縣的一座公路橋樑，介於宜蘭線鐵路與北部濱海公路之間，依山傍海，橋面寬五公尺，跨越大溪川。2002年12月27日公告為縣定古蹟。
tr,"Rubus aboriginum, Rubus cinsine bağlı bir bitki türüdür."
it,"Roger McGuinn, nato James Joseph McGuinn III, è un cantante e chitarrista statunitense, che è stato uno dei fondatori del gruppo musicale californiano The Byrds."
ar,أرتور سفينسون ‏ هو منافس ألعاب قوى سويدي، ولد في 16 يناير 1901 في Finspång ‏ في السويد، وتوفي بنفس المكان في 20 يناير 1984.
en,"Big Band Bossa Nova is a 1962 album by saxophonist Stan Getz with the Gary McFarland Orchestra. The album was arranged and conducted by Gary McFarland and produced by Creed Taylor for Verve Records. This was Getz's second bossa nova album for Verve following Jazz Samba, his very successful collaboration with guitarist Charlie Byrd."
ja,林 宏優 は、日本の政治家。岐阜県山県市長（4期）。
ar,نقاوس مدينة وبلدية بدائرة نقاوس ولاية باتنة الجزائرية. تقع جنوب غرب ولاية بلغ عدد سكانها 29504 عام 2008.
es,"El Grupo Especial de Operaciones (GEO), cuyos integrantes son conocidos popularmente como “los Geos”, es la unidad de élite de la Policía Nacional de España especializada en operaciones de alto riesgo. Con sede en Guadalajara y ubicados en Madrid. También están presentes en algunos conflictos de Oriente Medio, ya sea para proteger a ciudadanos y altas personalidades españolas o en misiones de rescate de civiles."
th,ดานีเยเล โบเนรา เกิดเมื่อวันที่ 31 พฤษภาคม ค.ศ. 1981 เป็นนักฟุตบอลชาวอิตาลี ปัจจุบันเล่นให้กับสโมสรฟุตบอลบิยาร์เรอัลในลาลิกา ประเทศสเปน ในตำแหน่งกองหลัง
es,"Alcocer de Planes es un municipio de la Comunidad Valenciana, España. Situado en el norte de la provincia de Alicante, en la comarca del Condado de Cocentaina. Cuenta con una población de 259 habitantes."
it,"The Spirit è un film del 2008, trasposizione cinematografica dell'omonima striscia a fumetti creata da Will Eisner."
ru,И́стьино — закрытая железнодорожная станция Московской железной дороги в посёлке Истьино в Арсеньевском района Тульской области на однопутной неэлектрифицированной линии Козельск — Белёв — Горбачёво.
ja,ティモ・ヴェルナー は、ドイツ・バーデン＝ヴュルテンベルク州シュトゥットガルト出身のサッカー選手。プレミアリーグ・トッテナム・ホットスパーFC所属。ドイツ代表。ポジションはFW。
en,"Temperance is an unincorporated community and census-designated place (CDP) in Monroe County in the U.S. state of Michigan. The population was 9,188 at the 2020 census. The CDP is located within Bedford Township."
vi,"Văn Thiên Tường là thừa tướng trung nghĩa lẫm liệt nhà Nam Tống, một thi sĩ nổi tiếng mà tư tưởng yêu nước đã thấm đượm trong thi văn của ông."
zh,葡萄叶甲属，也称作葡萄肖叶甲属，为金花虫科的一个属。
zh,"梅尔 ），法国中部城市，中央-卢瓦尔河谷大区卢瓦-谢尔省的一个市镇，隶属于布卢瓦区，其市镇面积为26.47平方公里，2021年1月1日时人口数量为6,235人，在法国城市中排名第1,734位。"
tr,"Şuşa, Azerbaycan'ın Dağlık Karabağ bölgesinde yer alan bir şehir. Azerbaycan'ın kültür başkenti. Şuşa rayonunun idarî merkezi olan yerleşim, 1992'de Ermenistan Silahlı Kuvvetleri tarafından işgal edildi ve hiçbir ülke tarafından tanınmayan Dağlık Karabağ Cumhuriyeti'nin de facto yönetimi altına girdi. 8 Kasım 2020'de ise şehir Şuşa Muharebesi sonucunda Azerbaycan kuvvetlerince ele geçirildi ve 28 yıllık fiili yönetim son buldu."
ru,"«Ночь напролёт» — немой короткометражный фильм Чарльза Чаплина, выпущенный 15 февраля 1915 года."
vi,"Duma là một ngôi làng Syria nằm ở Al-Hamraa Nahiyah ở huyện Hama, Hama. Theo Cục Thống kê Trung ương Syria (CBS), Duma có dân số 499 trong cuộc điều tra dân số năm 2004."
fr,"Susanne von Nathusius, née en 1850 à Königsborn, quartier de Biederitz, et morte en 1929 à Nietleben, quartier de Halle-sur-Saale, est une peintre portraitiste allemande."
zh,銀質沈著症（英語：）的症狀為皮膚呈現藍灰色（一種只影響外觀的皮膚變色症狀），這是因為人體內的銀含量過高。在學者Gaul和Staud的43個銀質沈著症案例中，銀質沈著症有（63%）是由醫藥上使用的銀膠（Collargol或Argyrol）所引起，其他則是由碘化銀或氯化銀所引起的。銀的毒性雖然很低，但很高的濃度下會得到銀質沈著症以外的人體毒性（老鼠的半致死口服劑量為1600mg/kg/d）。因為銀本身的特性會阻止微生物的繁殖作用，故能殺菌，而本身的活性易產生可變色的化學變化，故能使攝入銀的生物體產生變色的現象。
en,"The Keyser–Cullen House, at 941 East 500 South in Salt Lake City, Utah, was built in 1879. It was listed on the National Register of Historic Places in 1999."
ja,ウラン・ウデ駅 はロシア連邦ブリヤート共和国ウラン・ウデにある、ロシア鉄道の駅。
th,เทศบาลตำบลบางปู เป็นเทศบาลตำบลแห่งหนึ่ง ตั้งอยู่ในเขตอำเภอเมืองสมุทรปราการ จังหวัดสมุทรปราการ
ja,ナイジェリア生徒拉致事件（ナイジェリアせいとらちじけん）は、2014年4月の14日夜から翌15日にかけてボルノ州の公立中高一貫女子学校から276名の女子生徒が拉致された事件である。ナイジェリア北東部を拠点に活動する、イスラーム過激派とタクフィリ思想家集団からなるテロ組織ボコ・ハラムの手により犯行声明が出された。
ar,"عرق إيساوان هو عرق يقع في الصحراء الكبرى وبالضبط في الجزائر، يبلغ مساحته 38,000 كم 2."
ru,"Сражение при Мурскрик-Бридж — небольшое боевое столкновение американской Войны за независимость, которое произошло около Уилмингтона 27 февраля 1776 года. Северокаролинское ополчение, собранное Провинциальным конгрессом, смогло разбить вооружённые отряды, собранные британским губернатором Джозайей Мартином, что стало поворотным моментом Американской революции в Северной Каролине. Сражение произошло за 5 месяцев до провозглашения независимости США."
ja,"チゾーン・ディ・ヴァルマリーノ は、イタリア共和国ヴェネト州トレヴィーゾ県にある、人口約2,500人の基礎自治体（コムーネ）。"
vi,Wisteria brachybotrys là một loài thực vật có hoa trong họ Đậu. Loài này được Philipp Franz von Siebold và Joseph Gerhard Zuccarini miêu tả khoa học đầu tiên năm 1839.
it,"La stazione di Palombina è una fermata ferroviaria posta sul tronco comune alle linee Bologna-Ancona e Roma-Ancona. Serve il quartiere di Palombina Nuova, del comune di Ancona e si trova non distante da quello di Palombina Vecchia, del comune di Falconara Marittima."
fr,"Bailleul-la-Vallée est une commune française située dans le département de l'Eure, en région Normandie."
tr,"Jackson Pollock, soyut dışavurumcu ressam, 20. yüzyılın en önemli sanatçılarındadır. Damlatma tekniği ile boya karıştırma, fırça kullanımı gibi alışılagelmiş uygulamaları bir kenara bırakmış, yere serdiği devasa boyutlardaki tuval bezleri üzerinde hareket ederek boyayı dökme, damlatma, fırlatma suretiyle sonradan aksiyon/hareket resmi adı verilen resimler yapmıştır. Bu özelliğinden ve 'kötü adam' imajından ötürü Jack the Dripper lakabıyla da anılmıştır."
en,"The Denmark News is a weekly newspaper based in Denmark, Wisconsin. The newspaper primarily serves Denmark, Maribel, and Kellnersville, and is distributed throughout Brown, Kewaunee, and Manitowoc Counties."
es,"HGST, Inc. es una marca de Western Digital la cual vende productos y servicios, Unidad de disco duros, Unidad de estado sólidos, y almacenamiento externo."
oc,Sandra Nashaat es una directora de cine egipcia.
ar,إلييرو إليا ‏ لاعب كرة قدم هولندي يلعب حاليا لصالح نادي الدرجة الأولى اليوفنتوس الإيطالي في مركز الجناح كما يجيد اللعب في مركز المهاجم.
vi,"Huyện Alagirsky là một huyện hành chính tự quản (raion), của Bắc Ossetia, Nga. Huyện có diện tích 2012 kilômét vuông. Trung tâm của huyện đóng ở Alagir."
th,วัดโปรดเกศเชษฐาราม เป็นพระอารามหลวงชั้นตรี ชนิดสามัญ ตั้งอยู่ในหมู่ที่ 11 บ้านคลองหลวง ตำบลทรงคนอง อำเภอพระประแดง จังหวัดสมุทรปราการ ถือเป็นวัดพุทธไทยเพียงวัดเดียวในย่านพระประแดงท่ามกลางวัดพุทธรามัญ
es,Andhvoy o Andkoi es una ciudad de Afganistán. Está ubicado al norte del país. Pertenece a la provincia de Fāryāb. Su población es de 30.605 habitantes (2007).
es,"Vernon Hills es una villa ubicada en el condado de Lake en el estado estadounidense de Illinois. En el Censo de 2010 tenía una población de 25113 habitantes y una densidad poblacional de 1.225,04 personas por km²."
it,"Aniplex , a volte abbreviata come ANX, conosciuta fino al 2001 come Sony Pictures Entertainment (SPE) Visual Works e fino all'aprile 2003 come Sony Music Entertainment (SME) Visual Works, è un'azienda giapponese che produce e distribuisce anime e musica. È controllata al 100% dalla Sony Music Entertainment Japan."
it,"Line Monty, pseudonimo di Éliane Serfati, è stata una cantautrice algerina."
vi,"Xã Independence là một xã thuộc quận Schuyler, tiểu bang Missouri, Hoa Kỳ. Năm 2010, dân số của xã này là 306 người."
es,"A Torre es una aldea española situada en la parroquia de Dombodán, del municipio de Arzúa, en la provincia de La Coruña, Galicia."
it,Giuseppe Lamonica è uno scacchista italiano.
tr,"Herolind Shala, Arnavut futbolcudur.1. Lig ekiplerinden Erzurumspor FK'da oynamaktadır."
ar,خوسيه ديوغو دالوت تكسيرا هو لاعب كرة قدم برتغالي في صفوف نادي مانشستر يونايتد الإنجليزي المنافس ضمن مصاف أندية الدوري الإنجليزي الممتاز، من مواليد 18 مارس 1999. يلعب في مركز الظهير الأيمن بشكل أساسي، مع لعبه أحيانا كظهير أيسر.
vi,"Saint Maurice là một xã trong vùng hành chính Île-de-France, thuộc tỉnh Val-de-Marne, quận Créteil, tổng Charenton-le-Pont. Tọa độ địa lý của xã là 48° 49' vĩ độ bắc, 02° 26' kinh độ đông. Saint Maurice nằm trên độ cao trung bình là 38 mét trên mực nước biển, có điểm thấp nhất là 27 mét và điểm cao nhất là 67 mét. Xã có diện tích 1,43 km², dân số vào thời điểm 1999 là 12.748 người; mật độ dân số là 8915 người/km²."
ar,عبد العزيز بن تركي الفيصل آل سعود ؛ رياضي ورجل أعمال سعودي عُين وزيرًا للرياضة في 25 فبراير 2020. كما تمت تزكيته رئيسًا لمجلس إدارة الاتحاد العربي لكرة القدم في سبتمبر 2019، خلفا لتركي آل الشيخ. وهو نائب رئيس مجلس إدارة الهيئة العليا للفروسية. وزُكّيَ في 24 مايو 2021 ليكون رئيسًا للجمعية العمومية للجنة الأولمبية العربية السعودية لمدة أربعة سنوات.
ar,هيرمان جوسلر ‏ كان محامي من مدينة هامبورغ، وعضو مجلس الشيوخ (1842-1877) ، ورئيس البلدية الأول ورئيس مجلس الشيوخ في مدينة هامبورغ الحرة والمدينة الهانزية (أي رئيس دولة جمهورية المدينة في عام 1874، كان عمدة المدينة الثاني في أعوام 1870 و1871 و1873. خلال فترة طويلة من توليه منصب السيناتور وفترة رئاسته كرئيس ثاني، كانت هامبورغ دولة ذات سيادة كاملة.
tr,"Atilla Yiğit, Türk oyuncu."
zh,葉根壯，臺灣澎湖縣馬公市後窟潭人（今重光里），臺灣傳統木造建築大木匠師，人稱「壯司」。此外，葉根壯亦擅長擘畫、細木作與鑿花等其他傳統建築技藝，作品散見澎湖與臺灣各處高達七十餘件，包括澎湖天后宮、媽宮城隍廟、火燒坪靈光殿與尖山顯濟殿等。2014年7月23日在復興航空澎湖空難中罹難身亡。
th,กลุ่มอาการขาดไอโอดีนแต่กำเนิด หรือ สภาพแคระโง่ เป็นโรคที่พบตั้งแต่กำเนิดอย่างหนึ่ง ผู้ป่วยจะมีพัฒนาการล่าช้าอย่างรุนแรงทั้งทางกายและทางสติปัญญา เป็นผลจากการขาดฮอร์โมนไทรอยด์ระหว่างที่มารดาตั้งครรภ์ ซึ่งมักเกิดจากการได้รับไอโอดีนไม่เพียงพอ เป็นสาเหตุหนึ่งของภาวะต่อมไทรอยด์ทำงานน้อยตั้งแต่กำเนิด
vi,"Nong Bua Daeng là một huyện (‘‘amphoe’’) thuộc tỉnh Chaiyaphum, đông bắc Thái Lan."
ar,أسس غيبيات الأخلاق هو أول عمل ناضج للفيلسوف إيمانويل كانط على الفلسفة الأخلاقية ويظل أحد أكثرها تأثيرا في هذا المجال. يرى كانط أن كتابه هذا هو عمل عن الأخلاق التأسيسية، وأنه يمهد أسس البحوث المستقبلية من خلال شرح المفاهيم والمبادئ الأساسية للنظرية الأخلاقية ويظهر أنها معيارية أمام العوامل العقلانية. وما كان كانط يطمح إليه هو كشف المبدأ الأساسي للأخلاق وتبيان أنه ينطبق علينا. يقدم كانط في الكتاب حججا رائدة بأن الصواب هو عمل يتحدد بطبيعة المبدأ الذي يعيش به الفرد. وهكذا يقف كانط في تناقض صارخ مع نظريات الحس الأخلاقي ونظريات الأخلاق الغائية التي هيمنت على الفلسفة الأخلاقية في ذلك الوقت.
ru,"Адъюста́ж — участок прокатного производственного цеха, где осуществляется финальная обработка металлического изделия."
ja,碑衾町（ひぶすままち）は、東京府荏原郡にかつて存在した町である。現在の目黒区の南部に位置していた。町名の由来は碑文谷と衾。おおむね東急東横線の沿線にあたる。
fr,Landegem est une section de la commune belge de Deinze située en Région flamande dans la province de Flandre-Orientale. C'était une commune à part entière avant la fusion des communes de 1977 quand elle devient une section de Nevele jusqu'à la fusion de cette dernière avec Deinze en 2019.
it,"Alberto Nocerino è un allenatore di calcio ed ex calciatore italiano, di ruolo terzino sinistro."
en,"Mino washi  is a type of Japanese paper created in Gifu Prefecture, Japan. Washi is made from the paper mulberry which is a plant that grows in the city of Mino. In 1985, it was designated a Traditional Craft by the Ministry of International Trade and Industry."
fr,Vaľkovňa est un village de Slovaquie situé dans la région de Banská Bystrica.
fr,"La circonscription de Gravesham est une circonscription parlementaire britannique. Située dans le Kent, elle correspond grossièrement au borough de Gravesham."
es,"Kumano  es una ciudad localizada en la prefectura de Mie, Japón. En junio de 2019 tenía una población de 16.140 habitantes y una densidad de población de 43,2 personas por km². Su área total es de 373,35 km²."
fr,"Le Nürburgring est un circuit automobile situé à Nürburg et dans les villages alentour dans la région d'Ahrweiler, en Allemagne. C'est l'un des circuits de sports mécaniques les plus célèbres au monde, à la fois par son histoire et par ses tracés multiples, notamment la célèbre Boucle Nord de plus de 20 kilomètres et considérée comme l'un des circuits les plus difficiles. Le Nürburgring a accueilli le Grand Prix automobile d'Allemagne de nombreuses fois avec plusieurs courses différentes, disputées d'abord sur la boucle nord, puis, à partir de 1984, sur un tracé spécialement conçu à cet effet, le Circuit Grand Prix."
ru,"Трипольская тепловая электрическая станция — самая мощная электростанция в Киевской области. Киевская область относится к энергонасыщенным районам. На её территории размещены энергогенерирующие предприятия общей мощностью 3600 МВт, из которых установленная мощность Трипольской ТЭС составляет около 57 %. Поэтому энергогенерирующее предприятие является крупнейшим поставщиком электроэнергии в Киевскую, Черкасскую и Житомирскую области. Предприятие занимает площадь 281,3 га. расположенный в Обуховском районе."
zh,K-19号核动力弹道导弹潜艇是苏维埃社会主义共和国联盟红海军H级核潜艇的首舰。该潜艇是苏联第一级可以有远航能力的弹道导弹潜艇。但该潜艇闻名全世界则是因为其频繁发生的事故以及后来的美国电影《》。
ar,أركوصورات الشكل هي أصنوفة من الزواحف ثنائية الأقواس التي تضم أسلاف أشباه الأركوصورات في فترة البرمي المتأخر. وقد عرفها جاك غوتييه (1994) بأنه الأصنوفة المنحدر من آخر سلف مشترك للتماسيح الأولية والأركوصورات؛ وقد عرفها فيل سنتر (2005) بأنها الأصنوفة الأكثر تميزاً بسبب ضمها للتمساح الأولي والأركوصورات.
ar,جوشوا بيتير هو لاعب كرة قدم ألماني ، يلعب حاليًا لنادي شالكه 04 الألماني في مراكز الظهيرين وقلب الدفاع.
th,ธงชาติไซปรัส ที่ใช้อยู่ในปัจจุบันเริ่มใช้อย่างเป็นทางการนับตั้งแต่วันที่ 16 สิงหาคม ค.ศ. 1960 ตามข้อตกลงซูริคและลอนดอน ซึ่งกำหนดให้ไซปรัสมีสถานะเป็นรัฐเอกราชและมีรัฐธรรมนูญเป็นของตนเอง
zh,马蛛属 为狼蛛科的一个属。
th,"คิโยเซะ เป็นเทศบาลนครแห่งหนึ่งที่ตั้งอยู่ในส่วนตะวันตกของมหานครโตเกียว ประเทศญี่ปุ่น ข้อมูลเมื่อ 1 เมษายน ค.ศ. 2021 เทศบาลนครคิโยเซะมีประชากรประมาณ 74,972 คน 36,376 หลังคาเรือน มีความหนาแน่นของประชากร 7,300 คนต่อตารางกิโลเมตร มีขนาดพื้นที่ทั้งสิ้น 10.23 ตารางกิโลเมตร"
ar,لافين موريس كراوفورد ‏ مواليد 11 نوفمبر 1968 في سانت لويس، ميزوري، الولايات المتحدة، هو ممثل أمريكي هو أيضا ستاند آب كوميدي.
ru,"Алекса́ндр Моисе́евич Городни́цкий — советский и российский учёный-геофизик, поэт, один из основоположников жанра авторской песни в России. Заслуженный деятель науки Российской Федерации (2005), заслуженный деятель искусств Российской Федерации (2013), первый лауреат Государственной литературной премии имени Булата Окуджавы (1998), член международного ПЕН-клуба и русского национального центра ПЕН-клуба (1998). По мировоззрению — шестидесятник."
ja,"ローリーヒルズ は、アメリカ合衆国オレゴン州ポートランド都市圏に属する国勢調査指定地域。ワシントン郡南西の丘にあり、西でビーバートン、北でウェストスロープ、南でプログレスとガーデンホームにそれぞれ接する。2000年の国勢調査の時点における人口は5,865人だった。オレゴン州道10号線とオレゴン州道210号線の交差点付近に位置する。"
vi,"Asco là một xã ở tỉnh Haute-Corse trên đảo Corse, Pháp. Xã này có diện tích 122,81 km², dân số năm 1999 là 134 người. Khu vực này có độ cao 620 mét trên mực nước biển."
ja,美唄郵便局（びばいゆうびんきょく）は北海道美唄市にある郵便局。民営化前の分類では集配普通郵便局であった。
ru,"Диаграмма рассеяния — математическая диаграмма, изображающая значения двух переменных в виде точек на декартовой плоскости. Могут использоваться и полярные координаты, особенно в случаях, когда одна из переменных представляет собой физическое направление или имеет циклический характер."
tr,"Ukrayna Arması, veya Tryzub, Ukrayna devletinin resmî armasıdır."
tr,"Walworth ili veya Walworth County Amerika Birleşik Devletleri'nin Wisconsin eyaletinde bulunan bir ildir. İlin nüfusu 2010 sayımına göre 102,228'dir. İlin merkezi Elkhorn şehridir."
ar,"الحَورَفَة أو الحرفنة أو النقحرة أو النقل الحرفي(1)، كتابة لغة ما بحروف تُستعمل لكتابة لغة أخرى، أي إيقاع تقابل بين لغتين ومبادلة كل حرف بحرف وحرف واحد كلما أمكن. فهو محاولة للتوسط بين المنطوق والمكتوب. عندها يقال ""نسخت الكلمة عن الكلمة""، وهو اصطلاح نحته منير البعلبكي في المورد، وأشاع استخدامه علي فهمي خشيم في معظم مؤلفاته."
es,"El Aeropuerto de Edimburgo, con código IATA EDI e ICAO EGPH, es un aeropuerto situado a 13 km de Edimburgo, en Escocia."
ar,بين ويلسون ‏ هو لاعب كرة قدم بريطاني في مركز الهجوم. لعب مع كارديف سيتي وكامبريدج يونايتد ونادي أكرينغتون ستانلي ونادي تشيسترفيلد ونادي سندرلاند ونادي غيتزهد ونادي هاروجيت تاون وإيه أف سي ويمبلدون.
es,"John McEntire es un baterista y multi-instrumentista estadounidense, miembro de los grupos de post-rock e indie rock Tortoise, Gastr Del Sol y The Sea and Cake."
ar,"ماثيو بيتون هو سياسي أمريكي، ولد في 27 يوليو 1978 في Shrewsbury, Massachusetts ‏ في الولايات المتحدة. نشط حزبياً في الحزب الجمهوري. وقد انتخب عضو مجلس نواب ماساتشوستس ‏."
ru,"Николя́ Шарль Удино́ — французский военный деятель, маршал Империи, граф, затем 1-й герцог Реджо, пэр, участник революционных и наполеоновских войн. Имя маршала выбито на Триумфальной арке в Париже."
zh,圣沙芒 是法国科雷兹省的一个市镇，位于该省南部，属于蒂勒区。
en,"Patsuia is a butterfly genus of the Limenitidinae subfamily. The genus is confined to western China and Tibet. It is monotypic, containing the single species Patsuia sinensium."
ar,بين ستيشن ‏ هي مدينة تقع بولاية تينيسي في وسط شرق الولايات المتحدة. تأسست عام 1776، تبلغ مساحة هذه المدينة (كم²)، وترتفع عن سطح البحر م، بلغ عدد سكانها 2826 نسمة في عام 2010 حسب إحصاء مكتب تعداد الولايات المتحدة وتصل الكثافة السكانية فيها نسمة/كم2.
vi,Trần Đình Bá (1867-1933) là một quan đại thần dưới triều Nguyễn.
ja,千葉県道273号上布施勝浦線（ちばけんどう273ごうかみふせかつうらせん）は、千葉県夷隅郡御宿町上布施から勝浦市新戸へ至る一般県道である。
th,"สามเราต้องรอด เป็นละครชุดทางโทรทัศน์ในปีพ.ศ. 2562 แสดงนำโดย เวอาห์ แสงเงิน (จอส),ลภัสลัล จิรเวชสุนทรกุล (มายด์) และ ตะวัน วิหครัตน์ (เต)"
vi,"Hội Chữ thập đỏ Việt Nam là tổ chức xã hội quần chúng, thành viên của Mặt trận Tổ quốc Việt Nam, thành viên của Phong trào Chữ thập đỏ – Trăng lưỡi liềm đỏ quốc tế. Hội hoạt động trong phạm vi cả nước, theo Hiến pháp và pháp luật nước Cộng hòa xã hội chủ nghĩa Việt Nam. Điều lệ và nguyên tắc cơ bản tương tự của Phong trào Chữ thập đỏ là Nhân đạo, Vô tư, Trung lập, Độc lập, Tự nguyện, Thống nhất, Toàn cầu."
tr,"Eriha Filistin Ulusal Yönetimi'nin Batı Şeria bölümünde Ürdün Nehri yanında yer alan bir yerleşim yeridir. Eriha valiliği'nin merkezidir ve Fetih partisi tarafından yönetilir. 2007 yılı itibarıyla 18,346 nüfusa sahiptir. 1517-1918 yılları arasında Osmanlı hakimiyeti altında olan şehir, 1949'dan 1967'ye kadar Ürdün tarafından işgal edildi ve 1967'den itibaren İsrail işgali altında tutuldu; 1994 yılında idari kontrol Filistin Yönetimi'ne verildi. Dünyanın en eski yerleşim bölgelerinden biri olduğuna inanılmaktadır ve dünyanın bilinen en eski koruyucu duvarına sahip şehridir. Şehrin, dünyanın en eski taş kulesine sahip olduğu da düşünüldü, ancak Tel Karamel, Suriye'deki kazılarda daha eski taş kuleler keşfedildi."
ar,رالي فنلندا 2011 هو سباق رالي أقيم في الفترة من يوليو 28 إلى 2011 في يوفاسكولا. كان الجولة الثامنة ضمن بطولة العالم للراليات موسم 2011. تكون الرالي من 22 مرحلة. فاز سيباستيان لوب ببطولة السائقين.
vi,"Rašovice là một làng thuộc huyện Vyškov, vùng Jihomoravský, Cộng hòa Séc."
vi,"Thế vận hội Mùa hè 1896, tên chính thức là Thế vận hội Mùa hè lần thứ I, là sự kiện thể thao quốc tế được tổ chức tại thành phố Athens, thủ đô của Hy Lạp, từ ngày 6 đến 15 tháng 4 năm 1896. Đây chính là kỳ Thế vận hội đầu tiên được tổ chức trong thời kỳ hiện đại. Hy Lạp cổ đại vốn là cái nôi của phong trào Olympic, do đó Athens được coi như sự lựa chọn thích hợp nhất để tổ chức cho kỳ Thế vận hội hiện đại đầu tiên. Thành phố này được nhất trí chọn làm nơi đăng cai kỳ Olympic đầu tiên trong cuộc hội nghị do Pierre de Coubertin, một nhà sư phạm và sử gia người Pháp, tổ chức tại Paris vào ngày 23 tháng 6 năm 1894. Ủy ban Olympic quốc tế (IOC) cũng được thành lập nhân hội nghị này."
ar,آن أونيل ‏ هي ممثلة أمريكية، ولدت في 23 ديسمبر 1893 في سانت لويس في الولايات المتحدة، وتوفيت في 24 نوفمبر 1971 في وودلاند هيلز، كاليفورنيا في الولايات المتحدة.
vi,"Hahn là một đô thị ở huyện Rhein-Hunsrück bang Rheinland-Pfalz, phía tây nước Đức. Sân bay Frankfurt-Hahn ở gần Hahn."
zh,丘布特省（Chubut）為南美國家阿根廷二十三省之一，位於阿根廷中部（如右圖之5位置），該省首府為罗森。
tr,"Alaattin Baydar, Türk millî futbolcudur."
zh,拉旺西亚-埃佩尔西 是法国汝拉省的一个市镇，属于圣克洛德区。
ar,جوشوا أوروبوسا زيركزي هو لاعب كرة قدم هولندي يلعب في مركز الهجوم مع نادي بايرن ميونخ ب في الدوري الألماني الدرجة الثالثة.
tr,"Krasiński Sarayı İngiliz Milletler Topluluğu Sarayı olarak da bilinir. Polonya'nın Varşova kentinde, Krasiński Meydanı'nda yeniden inşa edilmiş bir Barok saraydır. Başlangıçta güçlü Krasiński ailesi için 1677 ile 1683 yılları arasında inşa edilmiş, 2. Dünya Savaşı sırasında ağır hasar görmüş ve 20. yüzyılın ortalarında yeniden inşa edilmiştir."
ru,Бени Ференци — венгерский скульптор и график. Сын художника Кароя Ференци и художницы Ольги Фиалки.
ar,FXYD1‏ هوَ بروتين يُشَفر بواسطة جين FXYD1 في الإنسان.
ar,فرانك ميتشيل ‏ هو مقدم تلفزيوني بريطاني، ولد في 24 يوليو 1963.
ja,"アルチェーヴィア は、イタリア共和国マルケ州アンコーナ県にある、人口約4,200人の基礎自治体（コムーネ）。"
vi,"Tyche là một tiểu hành tinh tương đối lớn, thuộc kiểu quang phổ S, ở vành đai chính. Ngày 4 tháng 5 năm 1886, nhà thiên văn học người Đức Karl T. R. Luther phát hiện tiểu hành tinh Tyche khi ông thực hiện quan sát tại Đài quan sát Düsseldorf-Bilk và đặt tên nó theo tên Tyche, nữ thần may mắn trong thần thoại Hy Lạp, tương đương với nữ thần Fortuna trong thần thoại La Mã."
ja,プリンス・ストリート駅 はニューヨーク市地下鉄BMTブロードウェイ線の駅である。マンハッタン区ソーホーのブロードウェイとプリンス・ストリートの交差点に位置し、N系統が休日と深夜のみ、Q系統が深夜のみ、R系統が深夜を除く終日、W系統が平日のみ停車する。
en,"Soil-transmitted helminthiasis is a type of worm infection (helminthiasis) caused by different species of roundworms. It is caused specifically by those worms which are transmitted through soil contaminated with faecal matter and are therefore called soil-transmitted helminths. Three types of soil-transmitted helminthiasis can be distinguished: ascariasis, hookworm infection and whipworm infection. These three types of infection are therefore caused by the large roundworm A. lumbricoides, the hookworms Necator americanus or Ancylostoma duodenale and by the whipworm Trichuris trichiura."
it,"Sancha è stata Contessa consorte di Tolosa, per alcuni mesi, verso il 1060, e poi contessa consorte di Urgell dal 1063 al 1065."
en,"Kunnam is a state assembly constituency in Tamil Nadu, India newly formed after constituency delimitations 2008. Its State Assembly Constituency number is 148. It is included in the Perambalur parliamentary constituency. It is one of the 234 State Legislative Assembly Constituencies in Tamil Nadu."
tr,"Jacqueline Susan McKenzie, Avustralyalı oyuncu. Rol aldığı televizyon dizisi The 4400 ile bilinir."
ru,Мо́ника Бляйбтрой — австрийская актриса театра и кино. Мать немецкого актёра Морица Бляйбтроя.
it,"Massimo Cirri è un conduttore radiofonico, psicologo e drammaturgo italiano."
th,เมืองสิงห์ เป็นเมืองที่มีประชากรส่วนใหญ่เป็นชาวไทลื้อ เพราะอยู่ใกล้สิบสองปันนาในมณฑลยูนนาน ประเทศจีน ชาวไทลื้ออาศัยในพื้นที่ลุ่ม ส่วนบนเขตภูเขาเป็นที่อยู่ของชาวม้ง ชาวเย้า เมืองนี้อยู่ทางตะวันตกเฉียงเหนือของเมืองหลวงน้ำท่าประมาณ 60 กิโลเมตร และทางตะวันตกเฉียงเหนือของเวียงจันทน์ 360 กิโลเมตร
ja,C・ゴードン・ベル(C. Gordon Bell、1934年8月19日 - )は、アメリカ合衆国の計算機工学者、実業家。著名なコンピュータ技術者でありマネージャ。ディジタル・イクイップメント・コーポレーション(DEC)の初期の従業員としてPDPシリーズのいくつかの機種を設計し、技術部門の副社長としてVAXの開発を統括した。その後、起業家、発明家、NSFの情報科学部門のアシスタントディレクター (1986-1987)、マイクロソフトでの研究 (1995-) などの仕事についている。
zh,圣热姆 是法国吉伦特省的一个市镇，属于朗贡区。该市镇总面积9.55平方公里，2009年时的人口为236人。
ru,Памятник авиаторам — памятник-стела с самолётом в городе Новочеркасске Ростовской области.
en,"Rantis is a Palestinian town in the West Bank, located in the northwestern Ramallah and al-Bireh Governorate, 33 kilometers northwest of Ramallah. According to the Palestinian Central Bureau of Statistics, it had a population of 3,179 in 2017. Its population consists primarily of six clans: Danoun, Wahdan, Khallaf, Ballot, Dar Abo Salim, al-Ryahee and Hawashe."
zh,傈僳族 發源於青康藏高原北部，是中国、緬甸、印度、和泰國的一个跨國性質的少数民族，主要分布中心在中國原來的西康省（即現今四川省東部及西藏西部之間的州縣）和古代雲南騰越州的坎底地區、江心坡地區。
es,"Lumberton es una ciudad ubicada en el condado de Robeson en el estado estadounidense de Carolina del Norte. Es sede del condado de Robeson. La localidad en el año 2000, tenía una población de 20.795 habitantes en una superficie de 40.9 km², con una densidad poblacional de 510.6 personas por km²."
es,Heteroderes es un género de escarabajos de la familia Elateridae.
es,"El guabairo, guabairo de Puerto Rico, chotacabras portorriqueño es una especie de ave caprimulgiforme de la familia de los chotacabras (Caprimulgidae). Habita en los bosques secos costeros en ciertas zonas del suroeste de Puerto Rico."
ar,ألبونيس ‏ هي بلدة تقع في مقاطعة بافيا بإقليم لومبارديا في شمال إيطاليا. تبلغ مساحة هذه المدينة 4.3 (كم²)، وترتفع عن سطح البحر 113 م، بلغ عدد سكانها 492 نسمة في عام 2004 حسب إحصاء المعهد الوطني للإحصاء.
ja,熊野有馬氏（くまのありまし）は、熊野の国人領主・熊野別当家の出と言われ、産田神社神官の榎本氏が有馬一帯に勢力をはり有馬氏を名乗ったことに始まるという。
fr,Melangyna est un genre de mouches du sous-ordre des Brachycera.
vi,"Đế quốc La Mã hay Đế quốc Rôma là giai đoạn tiếp nối Cộng hòa La Mã cổ đại. Chính thể Đế chế La Mã, được cai trị bởi các quân chủ gọi là hoàng đế La Mã, thống lĩnh các vùng đất rộng lớn bao quanh Địa Trung Hải ở châu Âu, Bắc Phi, và Tây Á. Kể từ khi Caesar Augustus đăng cơ cho tới thời kỳ loạn lạc vào thế kỷ thứ 3, La Mã theo chế độ Nguyên thủ một hoàng đế, đóng đô ở Rôma, lấy Italia làm đất mẫu với nhiều tỉnh phụ thuộc. La Mã về sau được cai trị bởi nhiều hoàng đế, san sẻ quyền lực để kiểm soát hiệu quả hơn cực đông và cực tây Đế quốc. Thành Rôma vẫn là kinh đô trên danh nghĩa của cả hai nửa cho tới năm 476, thời điểm mà phù hiệu đế chế được gửi tới Constantinopolis sau khi Ravenna rơi vào tay các tộc rợ Giécmanh. Việc thụ nhận đạo Kitô như là quốc giáo của La Mã vào năm 380 và sự thất thủ của Tây La Mã trước các cuộc xâm lấn của các vương quốc Giécmanh được lấy làm mốc đánh dấu cho sự chấm dứt của thời kỳ cổ đại Hy-La và sự khởi đầu của thời kỳ Trung cổ ở phương Tây. Cũng do những sự kiện ấy, cộng với quá trình Hy Lạp hóa dần dần các tỉnh phía đông, giới sử học đã đặt tên riêng cho nhà nước La Mã kế tục còn sót lại ở phía đông là Đế quốc Byzantine."
ja,善光寺東海別院（ぜんこうじとうかいべついん）は、愛知県稲沢市祖父江町祖父江南川原57-2にある単立の仏教寺院である。
en,"Clavator moreleti is a species of air-breathing land snail, terrestrial pulmonate gastropod mollusks in the family Acavidae."
th,ปีเตอร์ ฟัน โฟลเลินโฮเฟิน พระสวามีในเจ้าหญิงมาร์ครีตแห่งเนเธอร์แลนด์ พระราชธิดาพระองค์ที่ 3 ในสมเด็จพระราชินีนาถยูเลียนาแห่งเนเธอร์แลนด์กับ เจ้าชายแบร์นฮาร์ทแห่งลิพเพอ-บีสเทอร์เฟ็ลท์ ถึงแม้ทั้ง2 จะเสกสมรสกันโดยต่างฐานันดรกล่าวคือ สามัญชนและเจ้าฟ้าหญิง แต่พระบุตรที่ประสูติในภายหน้า จะมีฐานันดรชั้น เฮอร์/ฮิส ไฮเนส และพระยศที่ เจ้าหญิง/เจ้าชายแห่งออเรนจ์-นัสเซา ปัจจุบันทั้ง 2 มีพระโอรสร่วม 4 พระองค์
zh,金优镇 是一名韩国射箭运动员，现男子个人反曲弓世界纪录拥有者。他是右撇子，并使用30-英寸（76-）的箭和46英磅（21）的弓。在2016年夏季奥林匹克运动会上。他作为韩国男子射箭队成员赢得他的第一面奥运会金牌，在男子团体射箭决赛中击败美国队。
es,Anno II fue arzobispo de Colonia desde 1056 hasta su muerte. Entre 1063 y 1065 actuó como regente del Sacro Imperio Romano durante la minoría del emperador Enrique IV. Anno es venerado como santo por la Iglesia católica.
th,ธงชาติเซนต์ลูเชีย เริ่มใช้มาตั้งแต่วันที่ 1 มีนาคม พ.ศ. 2510 หลังการประกาศเอกราชจากสหราชอาณาจักรไม่นาน ลักษณะเป็นธงสี่เหลี่ยมผืนผ้าพื้นสีฟ้า กลางธงเป็นรูปสามเหลี่ยมซ้อนทับกัน 3 รูป รูปที่อยู่ข้างหลังสุดพื้นสีขาว สามเหลี่ยมที่อยู่ถัดเข้ามาข้างในพื้นสีดำ และสามเหลี่ยมที่อยู่ข้างหน้าสุดพื้นสีเหลือง โดยฐานรูปสามเหลี่ยมสีเหลืองนั้นกว้างเท่ากับฐานของรูปสีขาว รูปเหล่านี้เมื่อนำมารวมกันแล้วมีลักษณะคล้ายหัวลูกศร แบบธงดังกล่าวนี้มีเมื่อแรกประกาศใช้นั้นพื้นสีฟ้าจะเข้มมาก รูปสามเหลี่ยมสีเหลืองมีขนาดเตี้ยกว่าที่ใช้ในปัจจุบัน และสัดส่วนธงเป็นกว้าง 2 ส่วน ยาว 3 ส่วน ต่อมาได้ปรับแบบให้ใกล้เคียงกับธงที่ใช้ในปัจจุบันมากขึ้นเมื่อปี พ.ศ. 2522 โดยขยายสัดส่วนธงเป็น 1:2 แต่พื้นธงสีฟ้านั้นยังคงเข้มอยู่ ภายหลังจึงปรับระดับพื้นสีฟ้าให้อ่อนลงในปี พ.ศ. 2545 ซึ่งก็คือแบบธงที่ใช้ในปัจจุบัน
zh,黃鏡峰（1930年9月5日—2012年3月11日），臺灣政治人物，出生於臺東縣，曾任臺東縣縣長、臺中市代理市長。
vi,Euphorbia schinzii là một loài thực vật có hoa trong họ Đại kích. Loài này được Pax mô tả khoa học đầu tiên năm 1898.
fr,"Bogumił Kobiela, né le 31 mai 1931 à Katowice et mort le 10 juillet 1969 à Gdańsk, est un acteur de théâtre et de cinéma polonais."
it,"Monticelli Ripa d'Oglio è una frazione del comune di Pessina Cremonese, in provincia di Cremona."
ja,フィリップス・コレクション は、ワシントンD.C.にある美術館である。
zh,紫啸鸫（学名：），又名，为鶲科啸鸫属的鸟类，俗稱石青、乌精、鸣鸡、铁老鸦、山鸣鸡、萧声鸫。分布于中亚、阿富汗、巴基斯坦、印度以至东南亚、南达爪哇以及中国大陆的河北、山西、陕西、宁夏、甘肃等南部以南地区、西达西藏等地，主要栖息于多石的山溪或崎岖岩石间。该物种的模式产地在广州。
ar,أرلينغتون هايتس ‏ هي منطقة سكنية تقع في الولايات المتحدة في مقاطعة هاملتون، أوهايو. يقدر عدد سكانها بـ 745 نسمة ومساحتها 0.70 كم2 وترتفع عن سطح البحر 169 متر.
es,"Vega de Villafufre es una localidad del municipio de Villafufre. En el año 2021 contaba con una población de 393 habitantes (INE). La localidad se encuentra situada a 222 metros de altitud sobre el nivel del mar, y a 2,5 kilómetros de distancia de la capital municipal, Villafufre. Destaca de la localidad, el monasterio de La Canal, declarado Bien de Interés Local en el año 2003, y la antigua biblioteca de Lope de Vega, precedida de un rollo heráldico declarado Bien de Interés Cultural en el año 2002. Con anterioridad fue conocida como Vega de Carriedo."
en,"Mobile Suit SD Gundam  is a series of animated shorts released in theaters and as original video animation between 1988 and 1993 by Sunrise. Part of the SD Gundam media franchise, the anime was based on the popular Gashapon capsule toys and model kits being released by Bandai at the time."
zh,马卡凡·所罗门·阿拉比，尼日利亚职业篮球运动员。他在2010年NBA选秀中第2轮第50顺位被达拉斯小牛选中。
ja,河野 広中 は、日本の武士（三春藩士）、政治家。第11代衆議院議長。磐州と号した。福島県庁前に「河野磐州翁」の銅像が立っている。
it,Kai Wiesinger è un attore e produttore cinematografico tedesco.
zh,言峰綺禮 是Fate系列中的角色，曾先后在《Fate/Stay Night》、《Fate/Zero》、《Fate/Grand Order》等作品中登场。角色配音由中田讓治担任并由武内崇角色设计。在《Fate/Grand Order》中被妖僧格里戈里·拉斯普京凭依，除此之外还有阿茲達哈卡和巴卢，因此以Alterego的职介现界。
es,"El Museo Rietberg es un museo en Zúrich, Suiza, especializado en exhibiciones de arte asiático, africano, americano y oceánico. Es el más grande museo de arte de culturas no europeas en Suiza, el tercer museo más grande de Zúrich y el más grande regido por la propia ciudad.[cita requerida]"
it,Domenico Angeli è stato un filantropo italiano.
fr,"Alpha Yaya Diallo est un guerrier peul connu sous le nom de « roi » de Labé, l'une des provinces du Fouta-Djalon."
tr,Johnson City ABD'nin Tennessee eyaletine bağlı Washington ilçesinde bulunan bir şehirdir. Şehrin nüfusu 2010 sayımına göre 63.152'dir.
tr,"NGC 208, Yeni Genel Katalog'da yer alan bir galaksidir. Gökyüzünde Balıklar takımyıldızı yönünde bulunur. Sa tipi bir sarmal galaksidir. Alman astronom Albert Marth tarafından 1863 yılında 121,92 cm (48,00 in) çaplı aynalı tip bir teleskopla keşfedilmiştir."
tr,"NGC 499, Yeni Genel Katalog'da yer alan bir galaksidir. Gökyüzünde Balıklar takımyıldızı yönünde bulunur. E-S0 tipi bir merceksi, eliptik galaksidir. İngiliz astronom William Herschel tarafından 1784 yılında 47,5 cm çaplı aynalı tip bir teleskopla keşfedilmiştir."
it,"Atropo o Le Parche è un dipinto a olio su intonaco trasportato su tela del pittore spagnolo Francisco Goya e conservato al museo del Prado di Madrid facente parte delle quattordici pitture nere dipinte tra il 1819 e il 1823. Goya in preda alla disperazione mentale e fisica creò la serie direttamente sulle pareti interne della casa conosciuta come la Quinta del Sordo, acquistata nel 1819."
en,"The EMD GP40-2 is a 4-axle diesel-electric locomotive built by General Motors Electro-Motive Division as part of its Dash 2 line between April 1972 and December 1986. The locomotive's power is provided by an EMD 645E3 16-cylinder engine which generates 3,000 horsepower (2.24 MW)."
tr,"Osteoklast, kemik matriksini yok ederek kemik dokusunu ortadan kaldıran bir çeşit kemik hücresi. Bu işleme kemik rezorpsiyonu denir. Osteoklast monosit ya da monosit benzeri hücre kaynaklı çok çekirdekli fagositik hücredir. Normal kemik dokusunda osteoblast ve osteoklast denge halindedir.150 mikron büyüklüğünde iri hücrelerdir. kemik dokusunu yıkıma uğratır. mononükleer fagositik sistemin üyesidir. kemik yapımı sırasında trabeküllerin yüzeyinde ya da kompakt kısımlarının iç yüzeylerinde yerleşerek buraları eritir.Yikim sırasında enzimatik aktivite ile açılan Hawship lakünası adı verilen çukurcuklara yerleşirler.Osteoklastlar genelde kemiğin yeniden şekillendiği bolgelerde fazladır. Osteoklast etkisi paratroid ve kalsitonin etkisi altındadır.Paratroid aktiviteyi artırırken kalsitonin azaltır."
tr,"Cessna 208 Caravan, Cessna tarafından üretilen ABD yapımı bir turboprop genel maksat uçağıdır. İlk uçuşunu 9 Aralık 1982 tarihinde gerçekleştirmiş olup 1984 yılında hizmete girmiştir. Uçak, genellikle tek bir pilotla dokuz yolcu kapasitesine sahipken FAR Part 23'ün çıkarılmasıyla 14 yolcuyu alabilmektedir. Uçak nakliye amaçlı da kullanılmaktadır.."
it,Alex Righetti è un allenatore di pallacanestro ed ex cestista italiano.
en,"Cyperus procerus is a species of sedge that is native to parts of Africa, Asia and Australia."
vi,"Quận Rockingham là một quận nằm ở tiểu bang Bắc Carolina. Tại thời điểm năm 2000, quận có dân số 91,928 người. Quận lỵ đóng ở Wentworth6."
tr,"Torres Portekiz'de Trancoso belediyesine bağlı olan, 10,25 km2 yüzölçümüne sahip, 217 nüfuslu (2001) bir bucaktır."
fr,"Vaskelovo est une commune rurale du sud de l'Isthme de Carélie, dans le raïon de Vsevolojsk de l'Oblast de Léningrad."
vi,"Valiant Hearts: The Great War là một trò chơi giải đố, phiêu lưu được phát triển bởi Ubisoft Montpellier và được phát hành bởi Ubisoft. Trò chơi được lấy cảm hứng từ những bức thư ở Thế Chiến thứ nhất và có 4 nhân vật trong trò chơi cố gắng giúp một thanh niên người Đức tìm lại tình yêu của mình với sự sống còn, sự hi sinh và tình bạn."
