labels,text
pt,Cora também foi analista para a ESPN e estudou na Universidade de Miami.
fr,"Archail-Draix est une ancienne commune française, située dans le département des Alpes-de-Haute-Provence en région Provence-Alpes-Côte d'Azur."
pt,Ela se graduou do grupo em 19 de abril de 2017.
it,"Llanddona è villaggio con status di community del Galles nord-occidentale, situato nell'isola di Anglesey."
vi,Loài này được (Spruce) Schiffner mô
ko,"바다표범, 레밍, 북극곰의 번식지이다."
ar,هوراس كاربينتير هو سياسي أمريكي ، ولد في يوليو 1824 في غالواي في الولايات المتحدة ، وتوفي في 31 يناير 1918 في نيويورك في الولايات المتحدة .
es,Su población es de 19883 habitantes (2011).
ja,日本語では「君去りし後」ないし「君去りしのち」の曲名で言及されることもある。
de,im frühen Film ungewöhnlich natürliche und subtile Darstellungskunst.
ru,Тираж издания: 50 000 экземпляров.
fr,Il a été naturalisé français fin 1999.
es,"Fue reemplazado por Taavi Rõivas, quien formó un nuevo gobierno de coalición con la SDE."
vi,Đây cũng là địa điểm chính của Đại hội
pt,Weligton Robson Pena de Oliveira mais conhecido como Weligton é um ex-futebolista brasileiro.
ja,湯西川温泉（ゆにしがわおんせん）は、栃木県日光市（旧下野国）の日光国立公園内にある温泉である。
it,"Salvatore Pietrocola è stato un militare e carabiniere italiano, insignito della medaglia d'oro al valor militare alla memoria durante il corso della Guerra d'Etiopia."
zh,贝尔南 是法国伊泽尔省的一个市镇，位于该省中南部偏东，属于格勒诺布尔区。
en,"Forever Love is a 1998 television film, partially based on Annie Shapiro's awakening, starring Reba McEntire and Bess Armstrong."
ru,SAIC не смогла приобрести права на торговую марку Rover и создал марку Roewe в качестве замены.
fr,"Le col, situé entre le Lauberhorn et la crête de l'Eiger, comporte un complexe d'hôtels et de bâtiments ferroviaires."
ru,Tachyporinae (лат.) — подсемейство жуков-стафилинид.
pt,"Sauzelles é uma comuna francesa na região administrativa do Centro, no departamento de Indre."
tr,"Yüzölçümü 176,93 km² olan belediyenin nüfusu 2021 yılı itibarı ile 8.895'tir."
zh,体育中心站是一个位于中国天津市南开区体育中心街道凌宾路天津奥林匹克中心体育场西侧，属于天津地铁5号线的地铁车站。
zh,由于离地球较远通信不畅，空间探测器通常有较完备的自动化系统，甚至具有一定程度的人工智能，以便在无人控制的情况下按實際情況來進行任務。
tr,Southwark Birleşik Krallık'ın başkenti Londra'da bulunan bir semttir.
vi,"đầu thế kỷ 21, Newsweek bắt đầu phát triển mạnh ấn bản trực tuyến như một hướng phát triển mới của tạp chí."
zh,各卡乡，是中华人民共和国四川省甘孜藏族自治州稻城县下辖的一个乡镇级行政单位。
tr,"Bizans mutfağı, Bizans İmparatorluğu mutfak kültürüdür."
en,"Founded in 1946 they have been competing in AFC Champions League since 1970 and have become one of the most successful teams in Aisa, winning two major continental trophies including two Asian cups and are ranked joint second among all clubs across the continent in this regard."
it,Conta una popolazione di circa 650 abitanti.
ko,하계 올림픽을 통해
ko,달렌빌역(독일어: Dallenwil)은 스위스 니트발덴주의 달렌빌에 있는 기차역이다.
en,He was a member of the Liberal Party.
en,O'Day is a prominent lunar impact crater that is located on the far side of the Moon.
it,"La Fondazione Giovanni Agnelli è un istituto di ricerca nel campo delle scienze sociali, fondato a Torino dalla FIAT e dall'Istituto Finanziario Industriale (IFI) nel 1966 per onorare il centenario della nascita del fondatore della FIAT, il senatore Giovanni Agnelli."
it,"Ladislao IV fu Re di Polonia, figlio di Sigismondo III Vasa e di sua moglie, Anna d'Austria."
pt,"Foi proposto por A.Rich. & Galeotti, em 1845, publicado em Annales des Sciences Naturelles; Botanique, sér."
es,"El Batallón Nachtigall, también conocido como el Grupo de Batallón de Ruiseñor de Ucrania, u oficialmente como Grupo Especial Nachtigall, era la subunidad bajo el mando de la unidad de operaciones especiales de la Abwehr alemana"
tr,William Shakespeare'in kurmuş olduğu Globe Theatre bu semttedir.
zh,落羽松属 又名落羽杉属，是柏科下的一个属，为落叶或半常绿乔木植物。
ko,"브란겔섬(러시아어: Остров Вра́нгеля, Wrangel Island)은 북극해, 동시베리아해와 축치해사이에 있는 러시아의 섬이다."
ja,工学博士。
pt,"Haruna Kojima é uma atriz, modelo e cantora japonesa, foi uma das integrantes mais populares do Time A do grupo AKB48."
ja,マサリコス（Mazaricos）はスペイン、ガリシア州、ア・コルーニャ県の自治体。
de,"Mário Sérgio Pontes de Paiva, genannt Mário Sérgio, war ein brasilianischer Fußballspieler."
it,Lo sparviero pigmeo del Sudamerica è un uccello rapace della famiglia degli Accipitridi.
tr,9 Haziran 2012 yılından bu yana Merkez Parti lideri olmuştur.
ja,最寄の演習場は、新屋演習場。
vi,"Công ty cổ phần Tập đoàn Trường Hải là một tập đoàn đa ngành hoạt động trong lĩnh vực sản xuất và lắp ráp ô tô, nông nghiệp, cơ khí chế tạo, công nghiệp hỗ trợ, đầu tư xây dựng, thương mại, dịch vụ và giao nhận vận chuyển được thành lập vào ngày 27 tháng 4 năm 1997 có trụ sở chính tại Tòa nhà Sofic, số 10 Mai Chí Thọ, phường Thủ Thiêm, Thành phố Thủ Đức, Thành phố Hồ Chí Minh, Việt Nam."
ar,كولدو سيرا ‏ هو كاتب سيناريو ومخرج إسباني ، ولد في 15 أبريل 1975 في بلباو في إسبانيا .
vi,Sân được khánh thành vào tháng 9 năm 1928.
it,"Nikolai Mašitšev è un calciatore estone, centrocampista del TJK Legion."
de,"Thomas Posth ist ein deutscher Musiker, Dirigent und Konzertdesigner."
tr,"5,6 km² yüzölçüme sahiptir."
zh,瑞巖城堡体现了位于沙漠中的城堡的所有建筑特征。
pt,É exibida pela NBC de 30 de novembro de 2015 a 25 de março de 2021.
de,für Schulsegelflugzeuge verwendet.
zh,该属現共有3种，分布于北美及墨西哥。
ru,Он продается на большинстве экспортных рынков за пределами Китая под маркой MG.
tr,"Kosta Rika ile 1969 ve 1989'da şampiyonluğa ulaşan Marvin Rodríguez ve Amerika Birleşik Devletleri ile 1991'de, Meksika ile 1996'da Bora Milutinović ise birden fazla şampiyonluk elde eden diğer teknik direktörlerdi."
pt,Laura H. Greene é uma física estadunidense.
ko,"그들의 후속 공동 작업인 《Porgy and Bess》 (1959년)와 《Sketches of Spain》 (1960년)과 함께, 《Miles Ahead》는 재즈, 유럽 클래식, 그리고 월드 뮤직의 융합인 서드 스트림의"
vi,"Những hình thức bóng đá này có nguồn gốc chung và được gọi là các ""football codes""."
de,Lillian Diana Gish war eine US-amerikanische Schauspielerin.
vi,Chiến dịch Masher hay trận Bồng Sơn diễn ra từ 28 tháng 1
es,Fue inaugurado el 7 de junio de 2009.
en,"As of the 2020 census, the population was 29,220."
vi,Đảng Cộng sản Việt Nam.
tr,1666
en,"During his last term, he was deposed by Miguel Primo de Rivera."
en,"On 1 January 2020, the village had 2,045 inhabitants."
ko,한자로 개선(疥癬)이라고 일컫는다.
pt,O nome do gênero é uma homenagem ao botânico italiano H. Galeotti.
es,La pagaza australiana es una especie de ave charadriiforme de la familia Laridae encontrada en Australia y Nueva Guinea.
vi,"Chủ nghĩa Việt Nam trong 10 năm, từ tháng 2 năm 1987 đến tháng 9 năm 1997."
fr,Cet article présente les épisodes de la treizième saison de la série télévisée française Section de recherches.
vi,Bài hát sau đó được hãng Big Machine Records phát hành dưới dạng phiên bản đĩa đơn CD giới hạn trên trang web chính thức của Swift vào ngày 10 tháng 8 năm 2011 như là đĩa đơn thứ năm trích
en,17 km from Buldana.
de,"Josef Pembaur der Ältere war ein österreichischer Dirigent, Komponist und Musiklehrer."
pt,"Foi a segunda vez que o Japão organizou as Olimpíadas de Inverno, sendo a última vez em Sapporo 1972."
vi,"""Sparks Fly"" được phát trên các đài phát thành nhạc đồng quê ở"
es,Se encuentra a 66 km de Chennai y a 7 km de Kanchipuram.
de,"Marie Sophie Schwartz, geborene Birath, war eine schwedische Autorin."
tr,"1963'teki ilk turnuvada Kosta Rika, Alfredo Piedra'nın teknik direktörlüğünde şampiyonluğa ulaştı."
pt,Pertence à classe espectral F2III-IV.
es,Marcel Carlos Paul Gaston Delaplane fue un deportista francés que compitió en remo.
de,"Jahrhunderts, in denen Alltagssprache und lyrischer Ausdruck miteinander verschmelzen."
ru,"Сере — коммуна на юге Франции, департамент Восточные Пиренеи, регион Лангедок — Руссильон — Юг — Пиренеи."
ja,旧香港上海銀行長崎支店（きゅうホンコンシャンハイぎんこうながさきしてん）は、イギリスの銀行である香港上海銀行の旧長崎支店を引き継いだ記念館である。
ja,俵 国一 は、日本の冶金学者。
ja,師団主計官。
tr,"11 farklı millete mensup teknik direktör şampiyonluk yaşarken milletler bazında 9 şampiyonlukla Meksikalı teknik direktörler, turnuvanın en çok kazananları konumundadır."
fr,"Il a débuté en juillet 2012 et s'est terminé en mars 2015 à l'occasion d'une conférence finale à Torquay, en Angleterre."
de,Sie ist seit 2020 Senatorin für Justiz und Verbraucherschutz der Freien und Hansestadt Hamburg.
en,"At the Night Side is the third live album by Buck-Tick, released on April 7, 2004."
es,"En el año 2010 tenía una población de 1365 habitantes y una densidad poblacional de 16,91 personas por km²."
ko,단선 승강장 1면 1선의 구조를 갖춘 지상역이다.
ja,駐屯地司令は、第21普通科連隊長が兼務。
fr,"Le Lac Sougoïak est un lac de Russie, situé au sud-est de l'Oural, dans le raïon Krasnoarmeïski de l'oblast de Tcheliabinsk."
it,"Villa Maruzzi, Marcello è una villa veneta situata a Levada, frazione di Piombino Dese."
ko,"오카노 유이치로(일본어: 岡野 祐一郎, 1994년 4월 16일 ~ )"
es,Anteriormente se consideraba una subespecie de la pagaza piconegra.
vi,"Ngoài ra, câu lạc bộ K3 League Busan Transport Corporation FC đã thi đấu các trận đấu trên sân nhà tại sân vận động này từ năm 2006"
zh,電影被收入國家電影登記部，並且被選入AFI百年百大電影。
zh,空间探测器（英語：）也称深空探测器，是用于探测地球以外天体和星际空间的无人航天器。
ja,クリストファー・ジオレット・ドゥアルテ は、ドミニカ共和国のプロバスケットボール選手。
ko,1월 20일에 방영이 시작됐으며 2013년 9월 29일에
ja,住民呼称はmazaricán/-cá。
de,"Tinkoff war ein Radsportteam, das von 2001 bis 2014 mit einer dänischen und danach bis zu seiner Auflösung zum Ablauf der Saison 2016 mit"
ru,Министерстве внутренних дел Республики Беларусь.
en,"Esteghlal are by far Iran's most successful international representatives: no other teams from that nation have won Asia's premier competition more than once, or have more than two trophy wins overall."
tr,"Belediye, ülkenin kuzeybatısında Polog bölgesinde yer almaktadır."
es,Nattapettai es una ciudad censal situada en el distrito de Kanchipuram en el estado de Tamil Nadu (India).
vi,Bóng đá là tên gọi chung của một nhóm bao gồm nhiều môn thể thao đồng đội khác nhau nhưng đều có liên quan tới việc đá một trái banh vào khung thành để ghi bàn thắng.
tr,Ayrıca bir türk yapımı korku filmi olan Dabbe filmi de Kairo filminden uyarlanmıştır.
ko,《브레이킹 배드》(Breaking Bad)는 빈스 길리언이 감독 및 제작하고 AMC에서 방영한 미국 범죄 드라마이다.
en,"Its content was recorded at four different concerts in three different places; Hibiya Yagai Ongakudo on June 28 & 29 2003, NHK Hall on April 10, 2003, and Shibuya-AX on April 30, 2003."
en,"He was formerly acting National Security Adviser, having taken over the role while David Frost continued as the United Kingdom's Chief Negotiator to the European Union during the Brexit negotiations."
de,"Als Spieler stand er bis 2012 in Tschechien, den Niederlanden und in Deutschland unter Vertrag und war Mannschaftskapitän der tschechischen Nationalmannschaft."
en,"This combined with its small size, makes it so that much of the daily life of its inhabitants centers around the nearby city of Roosendaal."
ko,"Garry Mendes Rodrigues, 1990년 11월 27일 ~ )는 네덜란드에서 태어난 카보베르데의 축구 선수로 현재 튀르키예 쉬페르리그의 앙카라귀쥐에서 윙어로 활동 중이다."
vi,người ta thường chỉ đề cập đến hình thức bóng đá phổ biến nhất ở vùng được sử dụng từ ngữ này.
ko,"""Breaking Bad""라는 제목은 미국 남부의 구어체로 '지옥을 일으키자' 혹은 '막가자'라는 뜻을 담았다."
vi,"Swift đã viết bài hát này trước khi phát hành album phòng thu đầu tiên mang chính tên cô vào năm 2006,"
tr,"Ecem Güzel,, Türk yelkencidir."
fr,"Le Ludwigslied ou Rithmus Teutonicus est un poème écrit en vieux haut-allemand, en l'honneur de la victoire de l'armée franque de Louis III de France sur les Danes (Vikings)"
ja,秋田駐屯地 は、秋田県秋田市寺内将軍野1に所在し、第21普通科連隊等が駐屯する陸上自衛隊の駐屯地である。
tr,Veneto bölgesinde bulunan bir komündür.
vi,HMS Suffolk (55) là một tàu tuần dương hạng nặng thuộc lớp County của Hải quân Hoàng gia Anh Quốc và thuộc lớp phụ Kent.
ko,"Florin Gelu Zalomir, 1981년 4월 21일~2022년 10월 3일)는 루마니아의 펜싱 선수로 주 종목은 사브르이다."
ko,엘프는 실험적으로 오스트레일리아 국립 고양이(ANCATs) 품종 목록에 포함되었다.
vi,Mỹ ấn
vi,được làm
en,Lyle Ellsworth Douglass was a member of the Wisconsin State Assembly.
zh,阿姆兰 是法国芒什省的一个市镇，属于阿夫朗什区。
vi,Câu lạc bộ bóng đá chuyên nghiệp Busan IPark đã thi đấu các trận đấu trên sân nhà tại sân vận động này từ năm 1987 đến năm 2002 và từ năm 2015
es,El municipio de Shelton es un municipio ubicado en el condado de Buffalo en el estado estadounidense de Nebraska.
vi,"Thể thao Đông Á 1997, sân đã tổ chức lễ khai"
ko,hominis)의 기생에 의한 피부 감염을 말한다.
vi,"Nhóm nấm này có tên thông dụng là ""tai đất da"" trong tiếng Anh."
en,Siberia To-day is a first-hand account of the Allied intervention in the Russian Civil War by intelligence officer Frederick Ferdinand Moore published in 1919.
en,Gallia County is a county located in the U.S. state of Ohio.
ja,うらわ美術館（うらわびじゅつかん）は、埼玉県さいたま市浦和区仲町二丁目にあるさいたま市の公立（市立）美術館である。
ru,Главное управление по борьбе с организованной преступностью и коррупцией (ГУБОПиК) — управление в
it,Rupt-en-Woëvre è un comune francese di 311 abitanti situato nel dipartimento della Mosa nella regione del Grand Est.
es,Fue descrita científicamente por Cresson en 1879.
ar,هوستون الكسندر ‏ هو فنان قتال مختلط أمريكي ، ولد في 22 مارس 1972 في سانت لويس الشرقية ‏ في الولايات المتحدة .
vi,"Alien Trilogy là một game bắn súng góc nhìn thứ nhất do hãng Probe Entertainment phát triển và Acclaim Entertainment phát hành cho các hệ máy PlayStation, Sega Saturn và MS-DOS vào năm 1996."
pt,"Como atleta, ele atuou pelo Los Angeles Dodgers, Cleveland Indians, Boston Red Sox, New York Mets, Texas Rangers e Washington Nationals, de 1998 a 2011."
es,"El actual gobierno del Partido Reformista y del IRL continuó en el cargo hasta 2014, cuando el primer ministro Andrus Ansip dimitió, poniendo fin a su mandato como el primer ministro con más años de servicio en la historia contemporánea de Estonia."
tr,"Yegunovçe, Kuzey Makedonya'da bir köy ve belediyelerinden biridir."
ko,2018년 12월 기준으로 인구는 5771명이다.
ko,주요 전투는 오스트레일리아 순양함이 중국인민지원군에 의해 공격을 받은 직후에 발발했다.
it,Salvizinet è un comune francese di 636 abitanti situato nel dipartimento della Loira della regione dell'Alvernia-Rodano-Alpi.
ja,llの発音から日本語表記ではピキージョと表記することもある。
pt,"1409 foi um ano comum do século XV do Calendário Juliano, da Era de Cristo, e a sua letra dominical foi F, teve início a uma terça-feira e terminou também a uma terça-feira."
en,"Manuel García Prieto, 1st Marquis of Alhucemas was a Spanish politician who served as prime minister several times in his life and as the 30th Solicitor General of Spain."
de,Gerhard Adolf Janensch war ein deutscher Bildhauer und Medailleur.
zh,《香港法例》與《警察通例》的香港警察的稱呼。
pt,Superstore é uma série de televisão estadunidense do gênero sitcom criado por Justin Spitzer e estrelada por America Ferrera e Ben Feldman.
es,Está formada por la unión de 8 municipios agrupados en 2 microrregiones.
ko,이전까지 국제 연합의 함선들은 중공군의 제한된 저항에만 대처했고 한강에서 양측 간의 직접적 교전은 발생하지 않았다.
ko,2008년
de,im Rhein verankerten Pontons schwimmende Brückenkonstruktion.
vi,"Tên của chiến dịch ""Masher"" về sau được đổi thành ""Cánh Trắng"" vì tên cũ bị coi là khá thô thiển."
de,Wasserfall ist etwa 5 bis 9 Meter hoch.
zh,《日出》（英語：）是由德国导演F·W·穆瑙执导的一部美國默片，於1927年上映。
zh,空间探测器的基本构造多与人造地球卫星相近，但探测器通常用于执行某一特定探測或調查的任务，因而会携带相应的特殊设备。
pt,"Estende-se por uma área de 12,86 km²."
ja,"ターナー・レイトン作曲, ヘンリー・クリーマー作詞。"
ja,長庚大学 は、台湾桃園市亀山区文化一路259号に本部を置く台湾の私立大学。
fr,"La gare de Kleine Scheidegg est une gare et un carrefour ferroviaire situé au sommet de Kleine Scheidegg, un col montagneux dans la région de l'Oberland bernois en Suisse."
tr,"Laser Radial sınıfında yarışan Güzel, Galatasaray Yelken takımının bir üyesidir."
ru,"Страна дебютировала в 1957 году, с тех пор участвуя почти ежегодно, за исключением 9 отказов и 2 дисквалификаций."
zh,水虎魚裝甲車 為瑞士摩瓦哥公司（MOWAG）所設計製造之輪式裝甲車，根據車輪數有4x4、6x6、8x8和10x10版本，是歐美國家使用甚廣的車系，例如加拿大、澳洲和智利等國均有採購，已經發展到第五代。
ko,다음은 대한민국의 배우 송중기의 작품 목록이다.
ru,Объём журнала 64 полосы.
de,Seit September 2018 ist er Co-Trainer der tschechischen Nationalmannschaft.
en,"Esteghlal F.C. are a football club based in the city of Tehran, Iran."
es,El distrito de Nyíradony es un distrito húngaro perteneciente al condado de Hajdú-Bihar.
ko,2008년 하계 올림픽 투발루 선수단은 중화인민공화국 베이징에서 개최된 2008년 하계 올림픽에 참가한 올림픽 투발루 선수단이다. 2008년
tr,Komünün nüfusu 896 kişidir ve nüfus yoğunluğu kilometrekare başına 51 kişidir.
ko,《Unplugged》는 캐나다의 싱어송라이터 닐 영이 1993년 6월 15일 리프리즈 레코드에서 발매한 라이브 음반이다.
vi,Những năm
ja,Piquilloとはスペイン語で「小さなくちばし」を意味する。
ko,"기준으로 587,960명이다."
en,It is named in honour of the American physicist Marcus O'Day.
fr,Il a été financé par le programme Programme INTERREG France (Manche) - Angleterre.
en,It is located 29 km towards west from District headquarters Buldhana.
tr,Women's National Basketball Association (WNBA) ekiplerinden New York Liberty forması giymektedir.
ru,"Административный центр кантона Валеспир-Албере, округ Сере."
ko,미야기현 이시노마키시 출신이다.
de,russischer Lizenz betrieben wurde.
fr,"La saison 2018-2019 du Championnat de république démocratique du Congo de football est la soixante-deuxième édition de la première division en république démocratique du Congo, la Ligue Nationale de Football."
ja,住民呼称はrianxeiro/-a。
es,"Estaba compuesto por voluntarios nacionalistas ucranianos, que operaban bajo las órdenes OUN de Stepán Bandera."
ko,3명의 선수를 파견했으며 두 종목에 참가하게 되었다.
tr,"Dikici, Afyonkarahisar ilinin Dinar ilçesine bağlı bir köydür."
es,"Hinacourt es una comuna francesa situada en el departamento de Aisne, de la región de Alta Francia."
es,"Adela Christian Bach Bottino conocida por su nombre artístico Christian Bach, fue una actriz y productora argentinomexicana."
pt,Possui uma ascensão reta de 00h 09m 10.09s e uma declinação de +59° 09′ 00.8″. Sua magnitude aparente é igual a 2.28.
ja,温泉地名の由来ともなった湯西川（一級河川利根川水系）の渓谷沿いに旅館や民家が立ち並ぶ温泉地。
vi,"Nó không bao giờ được tìm thấy như là một kim loại tự nhiên mà thu được chủ yếu từ khoáng vật zircon, chất có thể"
ar,كلورثيوفوس هو مركب فسفورعضوي يُستخدم كمبيد حشري ، ويحتوي على خليط من المتصاوغات ، وهي : O، O - ثنائي إيثيل - O - ( 2،5 - ثنائي كلورو - 4 - ميثيل ثيو ) فينيل فوسفوروثيوات
ko,투발루는 총
pt,É professora de física da Universidade do Estado da Flórida e cientista chefe do National High Magnetic Field Laboratory.
vi,Zirconi là một nguyên tố hóa học có ký hiệu
vi,Frederick Augustus của Württemberg-Neuenstadt là Công tước xứ
fr,La compétition rassemble les meilleures formations du pays.
en,"Neubörger is a municipality in the Emsland district, in Lower Saxony, Germany."
ru,Гуло́у — район городского подчинения городского округа Кайфын провинции Хэнань (КНР).
en,"Julius (Jules) Raes (1884–1961), known in religion as Hildebrand and also under the pen name H. Cappaert, was a Belgian Capuchin historian and archivist."
tr,"Jay Lynch, Amerikalı çizer ve animatör."
de,Anna Gesche Lydia Gallina ist eine deutsche Politikerin.
pt,Theodor Liebisch foi um mineralogista e cristalografista alemão.
ko,"1966년 12월 8일, 배성여자상업전수학교로 첫 개교되었다."
tr,"Kristen Bell, Ian Somerhalder, Christina Milian'ın yer aldığı film, 11 Ağustos 2006 tarihinde gösterime girmiştir."
pt,"Alfredo Anselmo de Carvalho, mais conhecido por Alfredo Carvalho, foi um ator de teatro português."
tr,"Longo, 1959, 1962, 1964, 1965 ve 1967'de beş kez Dünya Arazi-Yol Bisiklet Şampiyonası'nı kazandı ve 12 kezde İtalyan Arazi-Yol Bisiklet Şampiyonası birincisi oldu."
fr,Andreï Konstantinovitch Kariaka est un footballeur russe né le 1er avril 1978 à Dniepropetrovsk.
ja,サンタ・コンバとコマルカ・ド・シャージャスを構成する。
pt,NGC 6508 é uma galáxia elíptica (E) localizada na direcção da constelação de Draco.
ru,"Улица 800-летия Москвы — улица в Северном административном округе города Москвы на территории Дмитровского, Бескудниковского районов и района Восточное Дегунино."
fr,Le xian de Shawan est un district administratif de la région autonome du Xinjiang en Chine.
zh,孔布 是法国埃罗省的一个市镇，属于贝济耶区。
ja,クラウツェット は、イタリア共和国フリウリ＝ヴェネツィア・ジュリア州ポルデノーネ県にある、人口約400人の基礎自治体（コムーネ）。
ko,스핑크스에서 털이 없는 것을 담당하는 유전자는 완전히 털이 없는 피부를 생성한다.
zh,公益財團法人大原紀念倉敷中央醫療機構倉敷中央醫院 是日本岡山縣倉敷市的公益法人醫院。
es,Tiene una población de 31.015 habitantes.
tr,üzerinden tüm insanları öldürmeye çalışmaları konu edilmiş 2006 yılı ABD yapımı korku gerilim filmidir.
en,He was the UK's Ambassador to Israel from 2015 to 2019.
vi,"bản tại New York City, được phân phối trên toàn quốc và quốc tế với 12 ngôn ngữ khác nhau."
ar,"جامعة أنديرا غاندي الوطنية المفتوحة وتعرف باسم "" IGNOU "" وهي جامعة حكومية للتعليم عن بعد تقع في ميدان غارهي ، نيودلهي ، في الهند . سميت على اسم رئيسة الوزراء أنديرا غاندي . تأسست الجامعة عام 1985 بموازنة قدرها 20 بليون روبيه هندية بعد أن وافق البرلمان الهندي على قانون جامعة أنديرا غاندي الوطنية المفتوحة لعام 1985 . ) ."
vi,Loài này được L.
ko,이 해전으로 오스트레일리아군 4명이 부상을 입었고 중공군 40명이 사망했으며 중공군 야포 몇 문이 파괴되었다.
tr,MrBeast için bir süre kameramanlık yaptıktan sonra MrBeast kanalının ekran yüzlerinden biri olmuştur.
pt,Em 2010 a comuna tinha 1 169 habitantes.
ko,"는 일본의 프로 야구 선수이며, 현재 센트럴 리그인 주니치 드래건스의 소속 선수(투수)이다."
tr,"Filmin başrol oyuncuları Fatma Girik, Hülya Avşar, Bulut Aras ve Metin Serezli'dir."
es,"Bricqueville es una población y comuna francesa, situada en la región de Baja Normandía, departamento de Calvados, en el distrito de Bayeux y cantón de Trévières."
es,Se encuentra a 30 km al noroeste de Amán.
tr,"John Herschel yayınlanan açıklamasında şöyle yazmış: ""Samanyolu'nun çok geniş, bulutsu kümelenme kütlesi."
tr,Gonnostramatza Sardinya'nın Oristano ilinde bir komün ve küçük kasabadır.
ru,Озери́ще — микрорайон в Первомайском районе Минска; упразднённый в 1989 году посёлок Минского района.
ko,국제 고양이 협회(TICA)나 고양이 애호가 협회(CFA)와 같은 주요 품종 등록 기관에서는 이 품종을 인정하지 않는다.
tr,"Yeniceli, Şanlıurfa ilinin Siverek ilçesine bağlı bir mahalledir."
vi,Zirconi lần đầu tiên được Berzelius cô lập từ dạng không tinh khiết vào năm 1824.
zh,分布在印度、缅甸以及中国大陆的四川、西藏等地，多生长于中海拔地区的坡地上，目前尚未由人工引种栽培。
zh,這是首部在劇中插入音樂的電影，並且贏得了第1屆奧斯卡金像獎的藝術作品獎。
tr,Yaratmış olduğu çiz roman Bijou Funnies ve Nard n' Pat ile bilinir.
ja,1987年創立、1997年大学設置。
pt,"No ano de 2010 tinha uma população de 2.451 habitantes e uma densidade populacional de 38,74 pessoas por km²."
de,Dieser Artikel behandelt das Literaturjahr 1780.
zh,〈解謎遊戲〉（英語：）是英國廣播公司（BBC）推出的英國電視劇《新福爾摩斯》第1季的第3集兼季終集，於2010年8月8日透過BBC One和BBC HD首播；該集由馬克·加蒂斯編劇，並由保羅·麥格根執導。
ko,가장 유명한 녹음들 중 하나이다.
pt,"na região administrativa do Grande Leste, no departamento de Mosela."
fr,"Scriven est un village et une paroisse civile du Yorkshire du Nord, en Angleterre."
ko,사육업자들은 TICA를 예비 신품종으로 인정받으려고 한다.
ru,"Мёд поэ́зии, поэтический мёд — в германо-скандинавской мифологии напиток, глоток которого наделял поэтическими способностями."
ja,ネイチャー マテリアルズ は、Nature Publishing Groupが毎月発行している科学学術雑誌である。
zh,此頻道節目在英國倫敦建立總部及製播中心。
tr,"yılında MrBro adlı YouTube kanalı için video editörlüğü yapmış, daha sonra MrBro'nun kardeşi"
vi,Sân hiện có sức chứa 12.349 khán giả.
de,"Flussabwärts befinden sich kleinere Kaskaden, über die das Wasser weitere insgesamt 15 Meter fällt."
fr,"Gedson Fernandes, né le 9 janvier 1999 à São Tomé, est un footballeur international portugais qui évolue au poste de milieu de terrain au Beşiktaş JK."
ko,1993년 2월 7일 녹음된 이 음반은 MTV 시리즈 《언플러그드》의 일편이다.
en,It belongs to Amravati Division.
vi,"Nó là một kim loại chuyển tiếp màu trắng xám bóng láng, tương tự như titan."
ko,데이비스는 내내 플루겔호른을 연주했다.
en,It can be considered an extreme variant of the play action pass and an extension of the halfback option play.
fr,"Il est maire de Dumbéa, commune de Nouvelle-Calédonie, du 21 mars 2008 au 12 octobre 2023, ainsi que sénateur de la Nouvelle-Calédonie depuis le 2 octobre 2023."
tr,"Nyons, Fransa'nın Auvergne-Rhône-Alpes bölgesine bağlı"
pt,"Estende-se por uma área de 15.08 km², e possui 598 habitantes, segundo o censo de 2018, com uma densidade de 40 hab/km²."
vi,đến nay.
tr,Drôme ilinde bulunan bir komündür.
zh,發行文件使用的簡稱為倉中或KCH。
vi,"Hồng tú cầu, Huyết hoa hay hoa quốc khánh là một loài thuộc"
fr,Le ciel nocturne est
ru,"«Они умерли на своих постах» — вестерн, биографический фильм 1941 года с Эрролом Флинном в главной роли."
fr,Il est placé sous la juridiction de la préfecture de Tacheng.
zh,瑞巖城堡 是一座位于伊朗東南部克爾曼省的土坯式城堡。
it,23rd Street è una fermata della metropolitana di New York situata sulla linea IRT Lexington Avenue.
ru,на запуске Nintendo DS.
es,"Junto con el Batallón Roland, fue una de las dos unidades militares formadas el 25 de febrero de 1941 por el jefe del Abwehr Wilhelm Franz Canaris, que sancionó la creación de la ""Legión de Ucrania"" bajo el mando alemán."
it,"Regulus bulgaricus Boev, 1999 è un uccello passeriforme estinto della famiglia dei Regulidi."
es,"Melissodes lupina es una especie de abeja del género Melissodes, tribu Eucerini, familia Apidae."
zh,贝尔济勒塞克 是法国上法蘭西大區埃纳省的一个旧市镇，属于苏瓦松区。
it,"Il distretto di Quissanga è un distretto del Mozambico di 35.192 abitanti, che ha come capoluogo Quissanga."
tr,2001
de,Als einer der ersten Filmstars erkannte sie die Unterschiede zwischen
vi,là đảng viên
de,Gish wurde auf der Oscarverleihung 1971 mit einem Ehrenoscar ausgezeichnet.
vi,Tipula adusta là một loài ruồi trong họ Ruồi hạc (Tipulidae).
ar,سفارة أذربيجان في الإمارات العربية المتحدة هي أرفع تمثيل دبلوماسي لدولة أذربيجان لدى الإمارات العربية المتحدة . تقع السفارة في وهي تهدف لتعزيز المصالح الأذربيجانية في الإمارات العربية المتحدة .
tr,2019
de,Film- und Theaterschauspiel und pflegte eine
es,"La Real Fortaleza de Santiago de Arroyo de Araya, más conocido como el Castillo de Araya, es una fortaleza de origen español del siglo XVIII, situada en Araya, en el estado Sucre, Venezuela."
ru,Буквальный перевод названия фильма — «Они умерли в сапогах» — в значении: они исполняли свой долг до самого конца.
ko,《Birth of the Cool》 세션 이후 편곡자 길 에번스와의 데이비스의 첫 번째 공동 작업이었다.
en,"It follows a central hall floor plan with two rectangular projecting bays, a three-sided bay window, a kitchen addition on the back, and a hipped roof with intersecting gable sections."
vi,Họ Loa kèn đỏ.
vi,Thể thao Đông Á 1997.
tr,"Rosdorf Almanya'nın kuzeyinde Schleswig-Holstein eyaletinde, Steinburg iline bağlı yerleşim yeri."
ru,"«Roewe» — автомобильная марка, созданная китайским автопроизводителем SAIC Motor в 2006 году и специализирующийся на автомобилях класса люкс."
pt,Trochomorpha conoides é uma espécie de gastrópode da família Zonitidae.
vi,"Lê Giang là một nữ danh hài, nghệ sĩ cải lương, diễn viên kịch nói và diễn viên điện ảnh người Việt Nam."
pt,Em 2010 a comuna tinha 254 habitantes.
ko,한강 해전은 1951년 9월 28일부터 9월 30일까지 이어진 한국 전쟁의 해전이었다.
vi,Chín loài của chi Scadoxus trước đây được xem là thuộc chi Huyết hoa (Haemanthus).
it,Candillargues è un comune francese di 1.292 abitanti situato nel dipartimento dell'Hérault nella regione dell'Occitania.
ko,빌뇌브(프랑스어:
de,Wasserfall Vaioaga wird meist ebenfalls der Kaskade zugeordnet.
ru,"Многие виды встречаются в грибах и навозе, также известны мирмекофилы и термитофилы."
zh,香港黑警（英語：），另亦常以粵語同音字借代為克警（為香港人對警方經常自稱在行動中「克制容忍」之譏諷）
es,"The Killing of a Sacred Deer es una película de thriller psicológico de 2017, dirigida por el griego Yorgos Lanthimos."
fr,Il est considéré comme l’un des plus anciens témoignages de la langue germanique.
tr,"İsmail Omar Guelleh ), Cibutili siyasetçi."
it,"Le Lycaeninae Leach, 1815 sono una sottofamiglia di lepidotteri appartenente alla famiglia Lycaenidae, presente in tutti i continenti tranne il Sudamerica."
en,"Dhad is a gram panchayat village in Buldana Taluka in Buldhana District of Maharashtra State, India."
vi,đến nay.
es,"La película está protagonizada por Colin Farrell, Nicole Kidman y Barry Keoghan."
es,"Oryzopsis es un género de plantas herbáceas, perteneciente a la familia de las poáceas."
tr,John Herschel tarafından 7 Haziran 1837 tarihinde keşfedildi.
vi,"Nó được tìm thấy ở KwaZulu-Natal, Transvaal và Mozambique."
pt,Edward Sels.
tr,kez şampiyon olan tek teknik direktör oldu.
de,"Der weiter flussabwärts gelegene, rund 6 Meter hohe"
de,Die Liste der höchsten Gebäude in Kaohsiung listet alle Gebäude in die zweitgrößte Stadt Taiwans - Kaohsiung nach Höhe.
tr,İnternetteki kariyerine 2017
vi,so với tờ tạp chí đứng thứ 3 U.S. News & World Report.
de,"Sie war einer der größten weiblichen Stars der Stummfilmära Hollywoods, wo sie durch ihre lange Zusammenarbeit mit D. W. Griffith bei Filmen wie Die Geburt einer Nation bekannt wurde."
fr,"Maxime Lvovitch Kontsevitch, le plus souvent orthographié Maxim Kontsevich selon la transcription anglophone, est un mathématicien russe, né le 25 août 1964 en URSS à Khimki, une ville jouxtant Moscou, en Russie."
vi,Tại Đại hội
ru,Легенда «Норрчёпинга»
zh,2023年1月1日，贝尔济勒塞克与市镇努瓦扬和阿科南合并为新市镇贝尔努瓦堡。
ko,"일부 사육자들은 엘프의 품종 표준 초안을 기초 품종에 기초해 발표했지만, 이 문서들은 서로 완전히 일치하지는 않는다."
de,Louis Ferdinand Bethmann war ein deutscher Turner und Turnfunktionär.
ko,"옴(scabies)은 무단신경문, 옴진드기과의 진드기, 옴벌레(학명 :Sarcoptes scabiei var."
de,"Die Mülheimer Schiffbrücke war eine aus Holz gefertigte, auf etwa 40"
pt,"Estende-se por uma área de 15,23 km²."
it,"James Anthony Walsh è stato un vescovo cattolico statunitense, cofondatore e primo superiore generale della Società per le missioni estere degli Stati Uniti d'America."
tr,"NGC 6455, Akrep takımyıldızında bulunan bir yıldız grubudur."
es,"El Riigikogu elegido después de estas elecciones fue el menos fragmentado en la historia de Estonia, contando sólo con cuatro partidos."
vi,Zirconi được sử dụng như là một tác nhân tạo hợp kim do khả năng cao trong chống ăn mòn của nó.
vi,"đến 6 tháng 3 năm 1966 là một chiến dịch có sự phối hợp giữa Quân đội Hoa Kỳ, Quân lực Việt Nam Cộng hòa và Quân đội Hàn Quốc."
vi,"Nguyễn Khánh tên thật là Nguyễn Ngọc Khánh, là một chính trị gia và"
pt,Foi professora de física da Universidade de Illinois em Urbana-Champaign.
ru,"Протяжённость улицы — 2,6 километра."
en,He is the first Central American to serve as bishop in the United States.
de,Eduard Heinrich Oehler war ein Schweizer Industrieller in Offenbach.
es,Ganó trece medallas en el Campeonato Europeo de Remo entre los años 1905 y 1911.
tr,"Yıldızlar aşırı küçük ve sayıca sonsuz."""
vi,"Sân cận động Busan Gudeok là một sân vận động đa năng ở Busan, Hàn Quốc."
ko,면적은 18.9km2이고 인구는 2006년
es,Es originario de Norteamérica.
ru,"Участница спортивного парада физкультурников на стадионе Динамо, г."
es,"El Nelson Mandela Bay es un estadio de fútbol de 48 000 asientos, situado en la Bahía de Nelson Mandela, en la ciudad de Puerto Elizabeth (Sudáfrica), construido para la Copa Mundial de Fútbol de 2010."
en,Evelio Menjivar-Ayala is a Salvadoran-born priest of the Catholic Church who serves as auxiliary bishop for the Archdiocese of Washington in the District of Columbia and Southern Maryland.
ar,كيث كريسماس ‏ هو مغن مؤلف بريطاني ، ولد في 13 أكتوبر 1946 .
ja,『老音楽師』（ろうおんがくし）は、フランスの画家エドゥアール・マネが1862年に制作した絵画。
ja,島根県平民。
pt,"Mesnières-en-Bray é uma comuna francesa na região administrativa da Normandia, no departamento de Sena Marítimo."
zh,该市镇总面积21.88平方公里，2009年时的人口为146人。
pt,Galeottia é um género botânico pertencente à família das orquídeas (Orchidaceae).
en,Southwest of O'Day lies the crater Seidel.
ru,Встречаются повсеместно.
ko,가리 멘드스 호드리게스(포르투갈어:
ja,ポジションはシューティングガード。
ko,급행 아부쿠마 급행선의 철도역이다.
tr,"2015 genel seçimlerinde Merkez Parti lideri olduktan sonra, bir merkez sağ koalisyon kurdu ve 29 Mayıs 2015 tarihinde Finlandiya Parlamentosu tarafından başbakan olarak atandı."
ja,リアンショ（Rianxo）はスペイン、ガリシア州、ア・コルーニャ県の自治体。
de,Tomáš Galásek [ˈtɔ̹maːʃ ˈgalaːsɛk] ist ein tschechischer Fußballtrainer.
ja,強制収容所として悪名高い内務人民委員部「ダリストロイ」の管理者。
ar,شَطّاس أو ثلاثيّ الشّويكات ، جنس نباتات عشبية برية حولية من فصيلة النجيلية . تنتشر على نطاق واسع في الموائل المعتدلة ، والمناطق شبه القطبية ، وجبال الألب وفي معظم أنحاء العالم .
pt,"Foi um ciclista belga, profissional entre 1963 e 1972, cujos maiores sucessos desportivos conseguiu-os na três Grandes Voltas ao obter 7 vitórias de etapa no Tour de France, 2 vitórias de etapa na Volta a Espanha e 1 vitória de etapa no Giro d'Italia."
en,"The J.E. Squiers House, also known as the Squiers Manor Bed and Breakfast, is a historic building located in Maquoketa, Iowa, United States."
de,Ihre Filmkarriere dauerte von 1912 bis 1987.
ja,本項では、東海道本線（とうかいどうせん）のうち、東日本旅客鉄道（JR東日本）が管轄する東京都千代田区の東京駅から静岡県熱海市の熱海駅までの区間について、主にこの区間で運行される中距離旅客列車（いわゆる湘南電車）の運転系統を中心に記述する。
fr,le 3 août 881 à Saucourt-en-Vimeu en Picardie.
it,Nel 2015 è stata utilizzata da un totale di 8 627 481 passeggeri.
ru,"Расположено в бывшем доме вице-губернатора на Революционной улице, 3."
en,"It intrudes into the northwestern edge of Mare Ingenii, and the rim is lower on that side."
tr,Komünün nüfusu 1 Ocak 2017 tarihi itibarıyla 6.793'tür.
vi,Württemberg và cũng là Công tước xứ Württemberg-Neuenstadt.
ar,خوان سباستيان إلكانو رحالة إسباني .
tr,"Guellah, Afrika ülkesi Cibuti'nin 1999 yılından bu yana devlet başkanlığı görevini yürütmektedir."
ko,"룩셈부르크의 행정 구역은 구와 주, 지방"
de,Jahrhunderts in Schweden.
en,It belongs to Vidarbha region.
vi,Zr và số nguyên tử 40.
en,The book continues to serve as a reference to the region at the time.
ko,스핑크스 고양이와 같은 보살핌 문제가 있다.
ru,"За всю историю своего участия Австрия получила 2246 баллов в финале, а в полуфинале она получила 956 баллов."
ru,что сделало её одной из первых игр
zh,美國陸軍的史崔克裝甲車也是延伸自食人魚裝甲車。
ru,Более 1000 видов.
it,Ry Russo-Young è una regista e sceneggiatrice statunitense.
en,Skalná is a town in Cheb District in the Karlovy Vary Region of the Czech Republic.
ja,栃木県足利市出身、岡山県在住。
ar,وايلد بيل مور ‏ هو عازف ساكسفون وملاكم أمريكي .
en,"Hitachi, Ltd. is a Japanese multinational conglomerate founded in 1910 and headquartered in Chiyoda, Tokyo."
ko,축치 자치구에 속해있으며 본토와 140km 떨어져 있다.
fr,Curicó est une ville et une commune du Chili chef-lieu de la province de Curicó elle-même rattachée à la région du Maule.
tr,Komünün nüfusu 31 Aralık 2018 tarihi itibarıyla 3.538'dir.
ko,"18개 구 중에서 2번째로 인구가 많은 구이자, 3번째로 주민 수입이 많은 구이다."
fr,"Georges Naturel est un homme politique français, né le 21 novembre 1955 à Nouméa (Nouvelle-Calédonie)."
ar,العلاقات البنمية الفيجية هي العلاقات الثنائية التي تجمع بين بنما وفيجي .
ru,Периодичность выхода: еженедельно по понедельникам.
pt,"Lisieux é uma pequena cidade do departamento de Calvados na região da Normandia, França."
pt,Nela morou e morreu Santa Teresinha.
de,Der Senqunyane [sɛ/ᵑǃuˈɲɑnɪ] ist ein Fluss in Lesotho.
ko,섬식 승강장 1면 2선의 구조를 갖춘 지상역이다.
tr,"Bruce Arena, tamamı Amerika Birleşik Devletleri ile olmak üzere 2002, 2005 ve 2017'de şampiyonluk yaşayarak üç"
zh,新竹縣立山崎國民小學，是位於臺灣新竹縣新豐鄉的一所縣立國民小學，鄰近新豐車站。
vi,Parnara monasi là một loài bướm ngày thuộc họ Hesperiidae.
tr,Bagnoli di Sopra İtalya'nın
ko,"또, 여름에는 많은 새가 온다."
ko,사상 최초로 올림픽에 출전하였다.
vi,phát hành.
vi,Bí thư Trung ương Đảng khóa VI.
ar,كريكفينيسا هي مدينة من مدن كرواتيا . يبلغ عدد سكانها 11122 نسمة وذلك حسب إحصائيات سنة 2011 . يبلغ ارتفاع المدينة عن سطح البحر قرابة 0 متر .
pt,José Alexander Cora é um ex jogador profissional de beisebol e atual treinador do Boston Red Sox da Major League Baseball (MLB) dos Estados Unidos.
zh,蒙克吕 是法国加尔省的一个市镇，位于该省北部偏东，属于尼姆区。
tr,"Yüzölçümü 17,64 km²'dir."
vi,Trò chơi dựa trên ba bộ phim đầu tiên trong dòng phim Alien.
vi,mô tả khoa học đầu tiên năm 1753.
pt,Aciphylla é um género botânico pertencente à família Apiaceae.
fr,"Hedensted est une commune du Danemark, située dans la région du Jutland-Central."
zh,南亚蒿（学名：）是菊科蒿属的植物。
ko,"1978년에 제한 효소의 발견과 분자유전학에 이를 응용한 공로를 인정받아 베르너 아르버, 해밀턴 O. 스미스와 함께 노벨 생리학·의학상을 수상했다."
en,To the northwest is the crater pair of Holetschek and Sierpinski.
ko,플로린 겔루 잘로미르(루마니아어:
zh,罗汉山站位于福建省福州市晋安区山北路与玄南岭路交叉口，是福州地铁1号线的车站，车站于2017年1月6日启用。
es,Fue galardonada en el Festival de Cannes con el premio al mejor guion.
vi,Chúng phân bố ở vùng sinh thái Palearctic.
es,La mesorregión del Norte de Roraima es una de las 2 mesorregiones del estado brasileño de Roraima.
pt,Vry é uma comuna francesa
ko,교전 이후 유엔 해군은 한강에서 지속적으로 작전을 수행했고 2달 후 한강 수역에서의 정찰 활동은 중공군 선박의 위협으로 중단되었다.
ja,カナダ・ケベック州モントリオール出身。
pt,"Possui uma declinação de +72° 01' 18"" e uma ascensão recta de 17 horas, 49 minutos e 46,3 segundos."
ar,الرقيب يورك ‏ هو فيلم سيرة ذاتية تم إنتاجه في الولايات المتحدة وصدر في سنة 1941 .
ko,서일문화예술고등학교(瑞逸文化藝術高等學校)는 대한민국 서울특별시 종로구 창신동에 위치한 사립 고등학교이다.
en,"Built in 1882, the 21⁄2-story brick house features elements consistent with the Queen Anne and Stick styles."
en,424 km from State capital Mumbai.
ar,متحف الفنون الجميلة في بودابست ‏ هو متحف في ميدان الأبطال ، بودابست ، المجر ، مقابل قصر الفن . تم بناؤه من قبل مخططات ألبرت شيكيدانز وفولوب هيرزوغ بأسلوب انتقائي - كلاسيكي جديد ، بين عامي 1900 و 1906 . تتكون مجموعة المتحف من الفن العالمي ، بما في ذلك جميع فترات الفن الأوروبي ، وتضم أكثر من 100000 قطعة . تتكون المجموعة من إضافات قديمة مثل تلك الموجودة في قلعة بودا وعقارات إيسترشازي وزيشي ، بالإضافة إلى تبرعات من هواة جمع العملات الفردية . تتكون مجموعة المتحف من ستة أقسام : المصرية ، العتيقة ، معرض النحت القديم ، معرض اللوحات الرئيسية القديمة ، المجموعة الحديثة ، مجموعة الرسومات . احتفلت المؤسسة بالذكرى المئوية لتأسيسها في عام 2006 .
pt,"Os Jogos Olímpicos de Inverno de 1998, oficialmente XVIII Jogos Olímpicos de Inverno, foram um evento multiesportivo celebrados em Nagano, no Japão."
ko,"자치체로 나뉜다. 룩셈부르크에는 3개 구, 12개 주와 116개 지방 자치체가 있다."
ru,Застроен преимущественно частными домами.
ru,"Орлинс — округ в штате Вермонт, США."
ja,エドゥアルド・ペトロヴィッチ・ベルジン は、ソ連の軍人、チェキスト。
tr,2023'teki son turnuvada şampiyonluk yaşayan Meksika'nın teknik direktörlüğünü Jaime Lozano yapmaktaydı.
en,David Quarrey is a British diplomat and the British Ambassador to NATO since 2022.
tr,"Gökyüzünün bu bölgesinin yıldızlar açısından zengin olması ve Herschel'in nesneyi tanımı ve konumu doğru olmadığından, hangi yıldız kümesinin NGC 6455 olarak değerlendirileceği konusunda farklı görüşler vardır."
de,Von 2015 bis 2020 war sie Mitglied der Hamburgischen Bürgerschaft und von 2015 bis 2021 Vorsitzende von Bündnis 90/Die Grünen Hamburg.
de,Die Piper TG-8 war ein in den 1940er Jahren hergestelltes US-amerikanisches Segelflugzeug zur Schulung von Lastenseglerpiloten.
ja,ピキーリョ(Piquillo)またはピミエント・デル・ピキーリョ(Pimiento del Piquillo)は、ナス科の多年草であるトウガラシ属トウガラシの栽培品種。
pt,É uma estrela variável δ Scuti.
tr,yılında Twitch üzerinden GamerBoyKarl adlı hesaptan yaptığı Roblox yayınlarıyla başlamıştır.
en,"Pablo Sebastián López is a member of the Workers' Party (Argentina), and a member of the Argentine national chamber of deputies."
pt,Os jogos se realizaram de 7 a 22 de fevereiro com a participação de 2 176 atletas de 72 nações.
ja,東京帝国大学名誉教授。
ar,بوب ماير ‏ هو لاعب كرة قاعدة أمريكي ، ولد في 4 أغسطس 1939 في توليدو في الولايات المتحدة .
ko,Villeneuve [vilnœv][*])는 스위스 보주 에이글구에 위치한 자치제이다.
ru,"Автомобили Roewe изначально были основаны на технологии, приобретенной у ныне несуществующего британского автопроизводителя MG Rover."
ar,فولوسكو هي جزء من مدينة أوباتيا ، ومكانها في خليج كفارنر غرب كرواتيا . وهي تقع في شمال أوباتيا على الطريق المؤدي إلى كاستاف ورييكا . اسمها مشتق من اسم الإله السلافي فيليس .
ru,"The New Times — еженедельный общественно-политический журнал, издававшийся в печатной версии с 1943 по 2017 год и продолжающий выходить в интернет-формате."
ru,Национальный парк Хамра является популярным среди туристов и альпинистов.
ja,大学の略称はCGU。
ko,2022년
ru,"По состоянию на 2010 год, численность населения составляла 27 231 человек."
vi,"Newsweek là tạp chí tin tức hàng tuần lớn thứ nhất ở Hoa Kỳ, cùng với Tạp chí Time về số lượng"
zh,此頻道於1996年3月開播，是CNBC頻道的歐洲分公司，母公司為NBC環球集團。
ru,"Свен Аксбом — шведский футболист, нападающий."
tr,"yılında çıkan ve Londra'nın % 75'ini yakan Büyük Yangında zarar görmemiş olan semtte, 10 yıl sonra bir yangın çıkmış ve 17 saat içinde kenti kül etmiştir."
ja,スーザン・マグダレイン・ボイル は、イギリス、スコットランド出身の歌手。
ar,جيرهارد هاجر ‏ هو قاضي ، وسياسي ، وكاتب نمساوي ، ولد في فيينا ، هو عضوٌ في حزب الحرية النمساوي .
de,Orange River heißt.
ko,《Miles Ahead》는 1957년 10월 컬럼비아 레코드에 의해 발매된 미국의 재즈 트럼펫 연주자 마일스 데이비스의 스튜디오 음반이다.
tr,"Renato Longo, İtalyan arazi-yol bisikletçisi."
vi,tả khoa học đầu tiên năm 1893.
de,Herb Sutter ist ein US-amerikanischer Informatiker.
vi,"""Sparks Fly"" là một bài hát của ca sĩ kiêm sáng tác âm nhạc người Mỹ Taylor Swift, nằm trong album thứ ba của cô, Speak Now (2010)."
de,Sie löste eine zuvor zwischen Mülheim am Rhein und dem zu Longerich gehörenden Mülheimer Häuschen an gleicher Stelle verkehrende Fährverbindung ab.
de,"Er verfasste den Text der türkischen Nationalhymne, den „Unabhängigkeitsmarsch“ İstiklâl Marşı von Edgar Manas."
it,Diversi autori includono in questa sottofamiglia anche le Polyommatinae e le Theclinae.
de,"Er ist ein rechter Nebenfluss des Senqu, der in Südafrika Oranje bzw."
ko,오시라카와역(일본어: 大白川駅)은 일본 니가타현 우오누마시에 위치한 동일본 여객철도 다다미 선의 철도역이다.
de,Der Mittelfeldspieler war brasilianischer Nationalspieler.
ar,ديفيد كشدان ‏ مواليد 20 يونيو 1946 في موسكو ، عالم رياضياتي إسرائيلي روسي . معروف يعمله على نظرية التمثيل في علم الجبر ، وحصل على جائزة إسرائيل في الرياضيات وعلم الحاسوب .
it,"Vagner José Dias Gonçalves, noto semplicemente come Vagner Gonçalves, è un calciatore capoverdiano, attaccante del Radomiak Radom e della nazionale capoverdiana."
pt,"Ele foi campeão da World Series como jogador dos Red Sox em 2007, como técnico assistente do Houston Astros em 2017, e como treinador do Red Sox em 2018."
zh,CNBC歐洲台 是歐洲的財經新聞台之一。
tr,"Juha Petri Sipilä, Finlandiya'nın eski başbakanı Fin politikacı ve iş insanı."
pt,Beta Cassiopeiae é uma estrela na direção da Cassiopeia.
pt,O município de Jackson é um município localizado no condado de Muskingum no estado estadounidense de Ohio.
tr,Sanatçı çizim dışında animasyonlarda yapmıştır.
tr,"Karl Jacobs, bilinen adıyla GamerBoyKarl, Amerikalı bir Twitch yayıncısı ve YouTuber'dır."
ko,호바라역(일본어: 保原駅 )은 일본
de,Die Cascadele Beușniței sind eine Kaskade von Wasserfällen am Fluss Beu oberhalb des Sees Ochiul Beiului
vi,Raphia frater là một loài bướm đêm trong họ Noctuidae.
en,"The architectural and historic significance of this house is attributed to its being ""a well-preserved example of late nineteenth century domestic architecture in Maquoketa's most prominent residential neighborhood and for its association with the life and career of James Emery Squiers, a prominent local businessman."""
vi,Anemone hortensis là một loài thực vật có hoa trong họ Mao lương.
tr,"Nabız (İng:Pulse), Ölülerin canlanıp internet ağı"
ru,Феодосий Глушицкий — преподобный Русской православной церкви; жил в XV веке.
ja,ラトビア人。
ru,Asphalt Urban GT — видеоигра в жанре аркадной гонки для портативных игровых консолей Nokia N-Gage и Nintendo DS.
ja,大粛清で自らも逮捕・銃殺された。
pt,"Considerando sua distância de 54 anos-luz em relação à Terra, sua magnitude absoluta é igual a 1.17."
it,"Stadelhofen è un comune tedesco di 1.253 abitanti, situato nel land della Baviera."
vi,Aloe dichotoma là một loài thực vật có hoa trong họ Măng tây.
vi,Sân hiện đang được sử dụng chủ yếu cho các trận đấu bóng đá.
vi,Cả hai tạp chí này đều lớn hơn nhiều
tr,"Nefret, senaryo ve yönetmenliğini Osman F. Seden'in, yapımcılığı Kadri Yurdatap'ın üstlendiği 1984 yapımı Türk filmi."
en,"Zegge is a village located in the municipality of Rucphen, North Brabant in the Netherlands."
vi,"Thông thường, khi nói đến bóng đá,"
vi,Ông từng giữ chức vụ Phó Chủ tịch Hội đồng Bộ trưởng rồi Phó Thủ tướng trong Chính phủ nước Cộng hòa Xã hội
ar,محمد السلمان هو مخرج سينمائي سعودي وكاتب سيناريو ومنتج . هو فنان نشط في صناعة الأفلام الناشئة السعودية . وقد عرف بأفلامه القصيرة غير التقليدية .
vi,nhưng cô chỉ đưa nó vào album phòng thu thứ ba của mình sau khi nhận được những lời đề nghị của fan về việc phát hành bài hát.
ru,Ивановский райо́н — административно-территориальная единица (район) и упразднённое муниципальное образование в Амурской области России.
tr,"Nüfusu, 30 Haziran 2005 itibarıyla 385 olarak tespit edilmiştir."
ru,Название района происходит от древней башни Гулоу.
de,Der neue Rheinübergang wurde
ru,"Австрия на конкурсе песни «Евровидение» выступала 52 раза, практически с самого момента его основания."
ja,"ガリシア統計局によれば、2010年の人口は11,826人 、人口密度は201.1人/km2、面積は58.8km2。"
vi,tinh khiết nhờ clo.
zh,这座保存完好的中世纪的瑞巖城堡与已于2003年12月的地震中摧毁的巴姆古城極其相似。
en,"Cabarita is located 16 kilometres west of the Sydney central business district, in the local government area of the City of Canada Bay."
fr,Larinomesius est un sous-genre d'insectes coléoptères de la famille des Curculionidae classé dans la tribu des Lixini.
zh,劇中的部分劇情改編自由柯南·道爾撰寫的福爾摩斯小說《五枚橘籽》（1892年）、《布魯士-巴丁登計劃探案》（1895年）、《最後一案》（1893年）和《波希米亞醜聞》（1891年）等，講述需在有限時間內解決多道由吉姆·莫里亞蒂設計的難題，否則不相干的人質會被殺害。
de,im Südwesten von Rumänien.
es,"Thomas Robert Cech es un químico, bioquímico y profesor universitario estadounidense galardonado con el Premio Nobel de Química en 1989."
ru,"Алексей Борисович Горбашов — советский и российский музыкант, гитарист."
fr,"Elle comptait 46 747 habitants en 2019, pour une superficie de 551,47 km2."
ru,На 2012 год население коммуны составляло 7663 человека.
ru,"Она была разработана компанией Gameloft и выпущена в 2004 году,"
ko,"다니엘 네이선스(영어: Daniel Nathans, 1928년 10월 30일 ~ 1999년 11월 16일)는 미국의 미생물학자이다."
vi,Mỹ vào ngày 18 tháng 7 năm 2011.
tr,"Dreyer'e göre ise NGC 6455, ""kısmen çözülmüş, son derece küçük yıldızlara ek olarak bulutsu olan bir kümedir""."
es,"Las elecciones parlamentarias de Estonia de 2011 se celebraron en este país el 6 de marzo, siendo las primeras en Europa en tener una amplia intervención del voto electrónico, el cual se pudo efectuar desde el 24 de febrero hasta el 6 de marzo."
vi,Harpalejeunea ancistrodes là một loài Rêu trong họ Lejeuneaceae.
fr,"Ce logiciel gère agenda, courriel, tâches et notes."
es,"Kufranyá (en árabe, كفرنجة es una ciudad en la gobernación de Ajlun, en Jordania."
it,"Hadrawi, pseudonimo di Mohamed Ibrahim Warsame, è stato un poeta e cantautore somalo."
ja,"ボヴィーノ は、イタリア共和国プッリャ州フォッジャ県にある、人口約3,200人の基礎自治体（コムーネ）。"
ru,Официально образован в 1792 году.
ko,2012년 하계 올림픽에 참가하여 단체전에서 은메달을 획득했다.
de,Mehmet Âkif Ersoy war ein osmanischer Dichter.
en,"Cabarita is a bayside suburb in the Inner West of Sydney, in the state of New South Wales, Australia."
vi,Newsweek là một trong những tạp chí tuần san uy tín lớn nhất thế giới của
ja,NBAのサクラメント・キングスに所属している。
it,"Rex è un census-designated place (CDP) degli Stati Uniti d'America, situato nello stato della Carolina del Nord, nella contea di Robeson."
vi,"mạc và bế mạc, cũng như các nội dung thi đấu của môn điền kinh và các trận đấu môn bóng đá."
ar,دريا دي ماتو هي ممثلة أميركية حائزة على جائزة إيمي ، معروفة بأدورها كدور أدرينانا لا سرفا على تلفاز هوم بكس أوفيس في مسلسل السوبرانوز ، وكأخت جوي ترابياني جينا في مسلسل هيئة الإذاعة الوطنية جوي .
ja,"クレメーノ は、イタリア共和国ロンバルディア州レッコ県にある、人口約1,600人の基礎自治体（コムーネ）。"
fr,"Le terme est habituellement associé à l'astronomie, en référence à la vision des corps célestes tels que les étoiles, la Lune et les planètes, qui deviennent visibles par nuit claire après le coucher du Soleil."
de,Der größte
tr,yılında çekilen ve bir japon filmi olan yönetmenliğini ve senaryosunu Kiyoshi Kurosawa'nın yaptığı Kairo filminden uyarlanmıştır.
ko,첸트랄반 철도 회사가 소유한 루체른-슈탄스-엥겔베르크선에 있다.
ko,총 62편으로 구성된 다섯 시즌으로 종영됐다.
pt,3 3: 25.
es,Los 101 miembros recién elegidos del 12º Riigikogu se reunieron en el castillo de Toompea en Tallin diez días después de las elecciones.
en,"The company is active in a range of industries, including digital systems, power and renewable energy solutions, railway systems, healthcare products, and financial systems."
vi,từ Speak Now.
tr,"Güzel, 2020 Yaz Olimpiyat Oyunları'nda ülkesi adına yarışmıştır."
es,El helecho de espada occidental es una planta de la familia Dryopteridaceae.
tr,Ürettiği animasyon ve çizgi romanlarda Jayzey Lynch ismini kullanmıştır.
fr,"Chandler est un logiciel d'organisateur personnel et de groupware fourni sous licence libre, auparavant disponible sous une licence publique générale GNU, avant d’être relicencié sous une Licence Apache en août 2006."
de,"Meredith Miller ist eine US-amerikanische Radrennfahrerin, die auf der Straße und bei Querfeldein-Rennen aktiv ist."
ru,Ха́мра — национальный парк на северо-западе лена Евлеборг в Швеции.
vi,Suffolk đã tham gia hoạt động trong suốt Chiến tranh Thế giới thứ hai cho đến khi được tháo dỡ vào năm 1948.
en,Its county seat and largest village is Gallipolis.
tr,"Breanna Mackenzie Stewart, uzun forvet pozisyonunda oynayan Amerikalı profesyonel basketbolcu."
en,"Viewed from the four other villages in the municipality of Rucphen, Zegge is located on the other side of the A58 motorway."
vi,Thelephoraceae là một họ nấm trong bộ Thelephorales.
vi,Những môn thể thao thường gọi là bóng đá bao gồm bóng đá đồng hội ; Bóng bầu dục Mỹ; bóng bầu dục Úc; bóng bầu dục liên hiệp và bóng bầu dục liên minh; và bóng đá Gaelic.
ja,"ガリシア統計局によると2013年の人口は4,141人。"
ja,想田 和弘 は、日本の映画監督・脚本家・演出家・ジャーナリスト。
ja,小型で肉厚の赤ピーマンであり、辛味はなく甘味を持つ。
ko,"둥구(중국어: 東區, 병음: Dōng Qū, Eastern District)는 홍콩의 18개 구의 하나이다."
de,Âkif Ersoy gilt als der Wegbereiter volkstümlicher türkischer Gedichte des 20.
ko,공연은 VHS를 통해서도 공개되었다.
en,The book provides a rare insight into life in Siberia during the winter of 1918-19 under the rule of the Cossacks at a time when the Bolsheviks were rising and helped shape US policy in Russia at the time.
ko,엘프(Elf) 또는 엘프 스핑크스(Elf Sphynx)는 털이 거의 없는 품종으로 귀가 뒤로 휘어져 있다.
ko,아부쿠마
fr,le ciel tel qu'on le voit la nuit.
vi,"Tại Thế vận hội Mùa hè 1988, sân vận động đã tổ chức một số trận đấu môn bóng đá."
vi,"Được sản xuất bởi Swift và cộng sự lâu năm của mình, Nathan Chapman, ""Sparks Fly"" là một bản nhịp độ nhanh kết hợp giữa những phong cách âm nhạc của country, pop rock và arena rock, trong đó sử dụng nhiều nhạc cụ như guitar điện giàu năng lượng, tiếng violin tinh tế và tiếng trống bùng nổ, với nội dung đề cập đến việc phải lòng một ai đó nhưng có thể không thích hợp để làm điều đó."
tr,Belediye Başkanlığı Hauke Vollstedt tarafından yürütülmektedir.
es,Rolf-Dieter Amend fue un deportista de la RDA que compitió en piragüismo en la modalidad de eslalon.
zh,罗讷河畔阿拉斯 是法国阿尔代什省的一个市镇，属于罗讷河畔图尔农区。
ru,"Вера Ильинична Быстрова — советская легкоатлетка, неоднократная чемпионка СССР и рекордсменка СССР в беге на 200 и 400 метров (1947—1953)."
ru,"Дон Хуа́н Австри́йский — испанский полководец, незаконный сын Карла V и Барбары Бломберг, дочери регенсбургского бюргера."
ja,「アフター・ユーヴ・ゴーン」 は、1918年のポップス曲。
de,Sie gilt als die erfolgreichste Schriftstellerin des späten 19.
de,Die Aufgabenkennung „TG“ wurde von den United States Army Air Forces (USAAF) zwischen 1941 und 1947
fr,"Halam est un village du Nottinghamshire, en Angleterre."
zh,此用語在2014年雨傘革命後開始在香港社會上流行，在2019年反對逃犯條例修訂草案運動開始後變得更加常用，主要用作批評前線警員濫用暴力以及與黑社會勾結的行為，影響香港社會一直以來對香港警察的正面觀感。
de,im Jahr 1888 für den Verkehr freigegeben.
ja,コマルカ・ド・バルバンサに属する。
pt,A Galeottia grandiflora A. Rich. & Galeotti é a espécie tipo.
en,"A flea flicker is an unorthodox play, often called a ""trick play"", in American football which is designed to fool the defensive team into thinking that a play is a run instead of a pass."
en,It reached number thirty-four on the Oricon chart.
tr,"CONCACAF tarafından düzenlenen CONCACAF Altın Kupa, 1963-1989 yılları arasında CONCACAF Şampiyonası adıyla gerçekleştirilirken 1993'te itibaren günümüzdeki adıyla anılır."
tr,Lynch'ın çizip hikâyesini kaleme aldığı Bazooka Joe isimli çizgi roman 1967'den 1990 yılına kadar Mad (magazin) dergisinde yayınlanmış ve 2000'li yıllarda çocuk kitabı olarak basılmıştır.
vi,Loài này được Masson mô tả khoa học đầu tiên năm 1776.
es,"Lehrregiment ""Brandenburg"" V. 800."
fr,La Léon Bollée G3 est un modèle d'automobile du constructeur français Léon Bollée fabriquée entre 1910 et 1913.
fr,"Le projet PANACHE visait à la mise en réseau des aires marines protégées de l’espace Manche, pour une protection cohérente de l’environnement marin."
ko,후쿠시마현 다테시에 위치한
ru,"Москва в 1947 г., встречи советских и чехословацких спортсменов в Праге (1950 г.), атлетических игр СССР-Румыния (1950 г.), XI летних Студенческих игр 1951 года в Берлине (ГДР) в рамках III Всемирного фестиваля молодёжи и студентов (1951 г.), IV всемирного фестиваля молодежи и студентов в Бухаресте."
en,"It has about 1,900 inhabitants."
ja,カスティーリャ語による表記はRianjo（リアンホ）。
